2,1,1/9/1992
4,3,1/8/1994
6,5,1/8/1996
8,7,1/7/1998
10,9,1/7/2000
12,11,1/6/2002
14,13,1/6/2004
16,15,1/5/2006
18,17,1/9/1990
20,19,1/9/1992
22,21,1/8/1994
24,23,1/8/1996
26,25,1/7/1998
28,27,1/7/2000
30,29,1/6/2002
32,31,1/6/2004
34,33,1/5/2006
36,35,1/9/1990
38,37,1/9/1992
40,39,1/8/1994
42,41,1/8/1996
44,43,1/7/1998
46,45,1/7/2000
48,47,1/6/2002
50,49,1/6/2004
52,51,1/5/2006
54,53,1/9/1990
56,55,1/9/1992
58,57,1/8/1994
60,59,1/8/1996
62,61,1/7/1998
64,63,1/7/2000
66,65,1/6/2002
68,67,1/6/2004
70,69,1/5/2006
72,71,1/9/1990
74,73,1/9/1992
76,75,1/8/1994
78,77,1/8/1996
80,79,1/7/1998
82,81,1/7/2000
84,83,1/6/2002
86,85,1/6/2004
88,87,1/5/2006
90,89,1/9/1990
92,91,1/9/1992
94,93,1/8/1994
96,95,1/8/1996
98,97,1/7/1998
100,99,1/7/2000
102,101,1/6/2002
104,103,1/6/2004
106,105,1/5/2006
108,107,1/9/1990
110,109,1/9/1992
112,111,1/8/1994
114,113,1/8/1996
116,115,1/7/1998
118,117,1/7/2000
120,119,1/6/2002
122,121,1/6/2004
124,123,1/5/2006
126,125,1/9/1990
128,127,1/9/1992
130,129,1/8/1994
132,131,1/8/1996
134,133,1/7/1998
136,135,1/7/2000
138,137,1/6/2002
140,139,1/6/2004
142,141,1/5/2006
144,143,1/9/1990
146,145,1/9/1992
148,147,1/8/1994
150,149,1/8/1996
152,151,1/7/1998
154,153,1/7/2000
156,155,1/6/2002
158,157,1/6/2004
160,159,1/5/2006
162,161,1/9/1990
164,163,1/9/1992
166,165,1/8/1994
168,167,1/8/1996
170,169,1/7/1998
172,171,1/7/2000
174,173,1/6/2002
176,175,1/6/2004
178,177,1/5/2006
180,179,1/9/1990
182,181,1/9/1992
184,183,1/8/1994
186,185,1/8/1996
188,187,1/7/1998
190,189,1/7/2000
192,191,1/6/2002
194,193,1/6/2004
196,195,1/5/2006
198,197,1/9/1990
200,199,1/9/1992
202,201,1/8/1994
204,203,1/8/1996
206,205,1/7/1998
208,207,1/7/2000
210,209,1/6/2002
212,211,1/6/2004
214,213,1/5/2006
216,215,1/9/1990
218,217,1/9/1992
220,219,1/8/1994
222,221,1/8/1996
224,223,1/7/1998
226,225,1/7/2000
228,227,1/6/2002
230,229,1/6/2004
232,231,1/5/2006
234,233,1/9/1990
236,235,1/9/1992
238,237,1/8/1994
240,239,1/8/1996
242,241,1/7/1998
244,243,1/7/2000
246,245,1/6/2002
248,247,1/6/2004
250,249,1/5/2006
252,251,1/9/1990
254,253,1/9/1992
256,255,1/8/1994
258,257,1/8/1996
260,259,1/7/1998
262,261,1/7/2000
264,263,1/6/2002
266,265,1/6/2004
268,267,1/5/2006
270,269,1/9/1990
272,271,1/9/1992
274,273,1/8/1994
276,275,1/8/1996
278,277,1/7/1998
280,279,1/7/2000
282,281,1/6/2002
284,283,1/6/2004
286,285,1/5/2006
288,287,1/9/1990
290,289,1/9/1992
292,291,1/8/1994
294,293,1/8/1996
296,295,1/7/1998
298,297,1/7/2000
300,299,1/6/2002
302,301,1/6/2004
304,303,1/5/2006
306,305,1/9/1990
308,307,1/9/1992
310,309,1/8/1994
312,311,1/8/1996
314,313,1/7/1998
316,315,1/7/2000
318,317,1/6/2002
320,319,1/6/2004
322,321,1/5/2006
324,323,1/9/1990
326,325,1/9/1992
328,327,1/8/1994
330,329,1/8/1996
332,331,1/7/1998
334,333,1/7/2000
336,335,1/6/2002
338,337,1/6/2004
340,339,1/5/2006
342,341,1/9/1990
344,343,1/9/1992
346,345,1/8/1994
348,347,1/8/1996
350,349,1/7/1998
352,351,1/7/2000
354,353,1/6/2002
356,355,1/6/2004
358,357,1/5/2006
360,359,1/9/1990
362,361,1/9/1992
364,363,1/8/1994
366,365,1/8/1996
368,367,1/7/1998
370,369,1/7/2000
372,371,1/6/2002
374,373,1/6/2004
376,375,1/5/2006
378,377,1/9/1990
380,379,1/9/1992
382,381,1/8/1994
384,383,1/8/1996
386,385,1/7/1998
388,387,1/7/2000
390,389,1/6/2002
392,391,1/6/2004
394,393,1/5/2006
396,395,1/9/1990
398,397,1/9/1992
400,399,1/8/1994
402,401,1/8/1996
404,403,1/7/1998
406,405,1/7/2000
408,407,1/6/2002
410,409,1/6/2004
412,411,1/5/2006
414,413,1/9/1990
416,415,1/9/1992
418,417,1/8/1994
420,419,1/8/1996
422,421,1/7/1998
424,423,1/7/2000
426,425,1/6/2002
428,427,1/6/2004
430,429,1/5/2006
432,431,1/9/1990
434,433,1/9/1992
436,435,1/8/1994
438,437,1/8/1996
440,439,1/7/1998
442,441,1/7/2000
444,443,1/6/2002
446,445,1/6/2004
448,447,1/5/2006
450,449,1/9/1990
452,451,1/9/1992
454,453,1/8/1994
456,455,1/8/1996
458,457,1/7/1998
460,459,1/7/2000
462,461,1/6/2002
464,463,1/6/2004
466,465,1/5/2006
468,467,1/9/1990
470,469,1/9/1992
472,471,1/8/1994
474,473,1/8/1996
476,475,1/7/1998
478,477,1/7/2000
480,479,1/6/2002
482,481,1/6/2004
484,483,1/5/2006
486,485,1/9/1990
488,487,1/9/1992
490,489,1/8/1994
492,491,1/8/1996
494,493,1/7/1998
496,495,1/7/2000
498,497,1/6/2002
500,499,1/6/2004
502,501,1/5/2006
504,503,1/9/1990
506,505,1/9/1992
508,507,1/8/1994
510,509,1/8/1996
512,511,1/7/1998
514,513,1/7/2000
516,515,1/6/2002
518,517,1/6/2004
520,519,1/5/2006
522,521,1/9/1990
524,523,1/9/1992
526,525,1/8/1994
528,527,1/8/1996
530,529,1/7/1998
532,531,1/7/2000
534,533,1/6/2002
536,535,1/6/2004
538,537,1/5/2006
540,539,1/9/1990
542,541,1/9/1992
544,543,1/8/1994
546,545,1/8/1996
548,547,1/7/1998
550,549,1/7/2000
552,551,1/6/2002
554,553,1/6/2004
556,555,1/5/2006
558,557,1/9/1990
560,559,1/9/1992
562,561,1/8/1994
564,563,1/8/1996
566,565,1/7/1998
568,567,1/7/2000
570,569,1/6/2002
572,571,1/6/2004
574,573,1/5/2006
576,575,1/9/1990
578,577,1/9/1992
580,579,1/8/1994
582,581,1/8/1996
584,583,1/7/1998
586,585,1/7/2000
588,587,1/6/2002
590,589,1/6/2004
592,591,1/5/2006
594,593,1/9/1990
596,595,1/9/1992
598,597,1/8/1994
600,599,1/8/1996
602,601,1/7/1998
604,603,1/7/2000
606,605,1/6/2002
608,607,1/6/2004
610,609,1/5/2006
612,611,1/9/1990
614,613,1/9/1992
616,615,1/8/1994
618,617,1/8/1996
620,619,1/7/1998
622,621,1/7/2000
624,623,1/6/2002
626,625,1/6/2004
628,627,1/5/2006
630,629,1/9/1990
632,631,1/9/1992
634,633,1/8/1994
636,635,1/8/1996
638,637,1/7/1998
640,639,1/7/2000
642,641,1/6/2002
644,643,1/6/2004
646,645,1/5/2006
648,647,1/9/1990
650,649,1/9/1992
652,651,1/8/1994
654,653,1/8/1996
656,655,1/7/1998
658,657,1/7/2000
660,659,1/6/2002
662,661,1/6/2004
664,663,1/5/2006
666,665,1/9/1990
668,667,1/9/1992
670,669,1/8/1994
672,671,1/8/1996
674,673,1/7/1998
676,675,1/7/2000
678,677,1/6/2002
680,679,1/6/2004
682,681,1/5/2006
684,683,1/9/1990
686,685,1/9/1992
688,687,1/8/1994
690,689,1/8/1996
692,691,1/7/1998
694,693,1/7/2000
696,695,1/6/2002
698,697,1/6/2004
700,699,1/5/2006
702,701,1/9/1990
704,703,1/9/1992
706,705,1/8/1994
708,707,1/8/1996
710,709,1/7/1998
712,711,1/7/2000
714,713,1/6/2002
716,715,1/6/2004
718,717,1/5/2006
720,719,1/9/1990
722,721,1/9/1992
724,723,1/8/1994
726,725,1/8/1996
728,727,1/7/1998
730,729,1/7/2000
732,731,1/6/2002
734,733,1/6/2004
736,735,1/5/2006
738,737,1/9/1990
740,739,1/9/1992
742,741,1/8/1994
744,743,1/8/1996
746,745,1/7/1998
748,747,1/7/2000
750,749,1/6/2002
752,751,1/6/2004
754,753,1/5/2006
756,755,1/9/1990
758,757,1/9/1992
760,759,1/8/1994
762,761,1/8/1996
764,763,1/7/1998
766,765,1/7/2000
768,767,1/6/2002
770,769,1/6/2004
772,771,1/5/2006
774,773,1/9/1990
776,775,1/9/1992
778,777,1/8/1994
780,779,1/8/1996
782,781,1/7/1998
784,783,1/7/2000
786,785,1/6/2002
788,787,1/6/2004
790,789,1/5/2006
792,791,1/9/1990
794,793,1/9/1992
796,795,1/8/1994
798,797,1/8/1996
800,799,1/7/1998
802,801,1/7/2000
804,803,1/6/2002
806,805,1/6/2004
808,807,1/5/2006
810,809,1/9/1990
812,811,1/9/1992
814,813,1/8/1994
816,815,1/8/1996
818,817,1/7/1998
820,819,1/7/2000
822,821,1/6/2002
824,823,1/6/2004
826,825,1/5/2006
828,827,1/9/1990
830,829,1/9/1992
832,831,1/8/1994
834,833,1/8/1996
836,835,1/7/1998
838,837,1/7/2000
840,839,1/6/2002
842,841,1/6/2004
844,843,1/5/2006
846,845,1/9/1990
848,847,1/9/1992
850,849,1/8/1994
852,851,1/8/1996
854,853,1/7/1998
856,855,1/7/2000
858,857,1/6/2002
860,859,1/6/2004
862,861,1/5/2006
864,863,1/9/1990
866,865,1/9/1992
868,867,1/8/1994
870,869,1/8/1996
872,871,1/7/1998
874,873,1/7/2000
876,875,1/6/2002
878,877,1/6/2004
880,879,1/5/2006
882,881,1/9/1990
884,883,1/9/1992
886,885,1/8/1994
888,887,1/8/1996
890,889,1/7/1998
892,891,1/7/2000
894,893,1/6/2002
896,895,1/6/2004
898,897,1/5/2006
900,899,1/9/1990
902,901,1/9/1992
904,903,1/8/1994
906,905,1/8/1996
908,907,1/7/1998
910,909,1/7/2000
912,911,1/6/2002
914,913,1/6/2004
916,915,1/5/2006
918,917,1/9/1990
920,919,1/9/1992
922,921,1/8/1994
924,923,1/8/1996
926,925,1/7/1998
928,927,1/7/2000
930,929,1/6/2002
932,931,1/6/2004
934,933,1/5/2006
936,935,1/9/1990
938,937,1/9/1992
940,939,1/8/1994
942,941,1/8/1996
944,943,1/7/1998
946,945,1/7/2000
948,947,1/6/2002
950,949,1/6/2004
952,951,1/5/2006
954,953,1/9/1990
956,955,1/9/1992
958,957,1/8/1994
960,959,1/8/1996
962,961,1/7/1998
964,963,1/7/2000
966,965,1/6/2002
968,967,1/6/2004
970,969,1/5/2006
972,971,1/9/1990
974,973,1/9/1992
976,975,1/8/1994
978,977,1/8/1996
980,979,1/7/1998
982,981,1/7/2000
984,983,1/6/2002
986,985,1/6/2004
988,987,1/5/2006
990,989,1/9/1990
992,991,1/9/1992
994,993,1/8/1994
996,995,1/8/1996
998,997,1/7/1998
1000,999,1/7/2000
1002,1001,1/6/2002
1004,1003,1/6/2004
1006,1005,1/5/2006
1008,1007,1/9/1990
1010,1009,1/9/1992
1012,1011,1/8/1994
1014,1013,1/8/1996
1016,1015,1/7/1998
1018,1017,1/7/2000
1020,1019,1/6/2002
1022,1021,1/6/2004
1024,1023,1/5/2006
1026,1025,1/9/1990
1028,1027,1/9/1992
1030,1029,1/8/1994
1032,1031,1/8/1996
1034,1033,1/7/1998
1036,1035,1/7/2000
1038,1037,1/6/2002
1040,1039,1/6/2004
1042,1041,1/5/2006
1044,1043,1/9/1990
1046,1045,1/9/1992
1048,1047,1/8/1994
1050,1049,1/8/1996
1052,1051,1/7/1998
1054,1053,1/7/2000
1056,1055,1/6/2002
1058,1057,1/6/2004
1060,1059,1/5/2006
1062,1061,1/9/1990
1064,1063,1/9/1992
1066,1065,1/8/1994
1068,1067,1/8/1996
1070,1069,1/7/1998
1072,1071,1/7/2000
1074,1073,1/6/2002
1076,1075,1/6/2004
1078,1077,1/5/2006
1080,1079,1/9/1990
1082,1081,1/9/1992
1084,1083,1/8/1994
1086,1085,1/8/1996
1088,1087,1/7/1998
1090,1089,1/7/2000
1092,1091,1/6/2002
1094,1093,1/6/2004
1096,1095,1/5/2006
1098,1097,1/9/1990
1100,1099,1/9/1992
1102,1101,1/8/1994
1104,1103,1/8/1996
1106,1105,1/7/1998
1108,1107,1/7/2000
1110,1109,1/6/2002
1112,1111,1/6/2004
1114,1113,1/5/2006
1116,1115,1/9/1990
1118,1117,1/9/1992
1120,1119,1/8/1994
1122,1121,1/8/1996
1124,1123,1/7/1998
1126,1125,1/7/2000
1128,1127,1/6/2002
1130,1129,1/6/2004
1132,1131,1/5/2006
1134,1133,1/9/1990
1136,1135,1/9/1992
1138,1137,1/8/1994
1140,1139,1/8/1996
1142,1141,1/7/1998
1144,1143,1/7/2000
1146,1145,1/6/2002
1148,1147,1/6/2004
1150,1149,1/5/2006
1152,1151,1/9/1990
1154,1153,1/9/1992
1156,1155,1/8/1994
1158,1157,1/8/1996
1160,1159,1/7/1998
1162,1161,1/7/2000
1164,1163,1/6/2002
1166,1165,1/6/2004
1168,1167,1/5/2006
1170,1169,1/9/1990
1172,1171,1/9/1992
1174,1173,1/8/1994
1176,1175,1/8/1996
1178,1177,1/7/1998
1180,1179,1/7/2000
1182,1181,1/6/2002
1184,1183,1/6/2004
1186,1185,1/5/2006
1188,1187,1/9/1990
1190,1189,1/9/1992
1192,1191,1/8/1994
1194,1193,1/8/1996
1196,1195,1/7/1998
1198,1197,1/7/2000
1200,1199,1/6/2002
1202,1201,1/6/2004
1204,1203,1/5/2006
1206,1205,1/9/1990
1208,1207,1/9/1992
1210,1209,1/8/1994
1212,1211,1/8/1996
1214,1213,1/7/1998
1216,1215,1/7/2000
1218,1217,1/6/2002
1220,1219,1/6/2004
1222,1221,1/5/2006
1224,1223,1/9/1990
1226,1225,1/9/1992
1228,1227,1/8/1994
1230,1229,1/8/1996
1232,1231,1/7/1998
1234,1233,1/7/2000
1236,1235,1/6/2002
1238,1237,1/6/2004
1240,1239,1/5/2006
1242,1241,1/9/1990
1244,1243,1/9/1992
1246,1245,1/8/1994
1248,1247,1/8/1996
1250,1249,1/7/1998
1252,1251,1/7/2000
1254,1253,1/6/2002
1256,1255,1/6/2004
1258,1257,1/5/2006
1260,1259,1/9/1990
1262,1261,1/9/1992
1264,1263,1/8/1994
1266,1265,1/8/1996
1268,1267,1/7/1998
1270,1269,1/7/2000
1272,1271,1/6/2002
1274,1273,1/6/2004
1276,1275,1/5/2006
1278,1277,1/9/1990
1280,1279,1/9/1992
1282,1281,1/8/1994
1284,1283,1/8/1996
1286,1285,1/7/1998
1288,1287,1/7/2000
1290,1289,1/6/2002
1292,1291,1/6/2004
1294,1293,1/5/2006
1296,1295,1/9/1990
1298,1297,1/9/1992
1300,1299,1/8/1994
1302,1301,1/8/1996
1304,1303,1/7/1998
1306,1305,1/7/2000
1308,1307,1/6/2002
1310,1309,1/6/2004
1312,1311,1/5/2006
1314,1313,1/9/1990
1316,1315,1/9/1992
1318,1317,1/8/1994
1320,1319,1/8/1996
1322,1321,1/7/1998
1324,1323,1/7/2000
1326,1325,1/6/2002
1328,1327,1/6/2004
1330,1329,1/5/2006
1332,1331,1/9/1990
1334,1333,1/9/1992
1336,1335,1/8/1994
1338,1337,1/8/1996
1340,1339,1/7/1998
1342,1341,1/7/2000
1344,1343,1/6/2002
1346,1345,1/6/2004
1348,1347,1/5/2006
1350,1349,1/9/1990
1352,1351,1/9/1992
1354,1353,1/8/1994
1356,1355,1/8/1996
1358,1357,1/7/1998
1360,1359,1/7/2000
1362,1361,1/6/2002
1364,1363,1/6/2004
1366,1365,1/5/2006
1368,1367,1/9/1990
1370,1369,1/9/1992
1372,1371,1/8/1994
1374,1373,1/8/1996
1376,1375,1/7/1998
1378,1377,1/7/2000
1380,1379,1/6/2002
1382,1381,1/6/2004
1384,1383,1/5/2006
1386,1385,1/9/1990
1388,1387,1/9/1992
1390,1389,1/8/1994
1392,1391,1/8/1996
1394,1393,1/7/1998
1396,1395,1/7/2000
1398,1397,1/6/2002
1400,1399,1/6/2004
1402,1401,1/5/2006
1404,1403,1/9/1990
1406,1405,1/9/1992
1408,1407,1/8/1994
1410,1409,1/8/1996
1412,1411,1/7/1998
1414,1413,1/7/2000
1416,1415,1/6/2002
1418,1417,1/6/2004
1420,1419,1/5/2006
1422,1421,1/9/1990
1424,1423,1/9/1992
1426,1425,1/8/1994
1428,1427,1/8/1996
1430,1429,1/7/1998
1432,1431,1/7/2000
1434,1433,1/6/2002
1436,1435,1/6/2004
1438,1437,1/5/2006
1440,1439,1/9/1990
1442,1441,1/9/1992
1444,1443,1/8/1994
1446,1445,1/8/1996
1448,1447,1/7/1998
1450,1449,1/7/2000
1452,1451,1/6/2002
1454,1453,1/6/2004
1456,1455,1/5/2006
1458,1457,1/9/1990
1460,1459,1/9/1992
1462,1461,1/8/1994
1464,1463,1/8/1996
1466,1465,1/7/1998
1468,1467,1/7/2000
1470,1469,1/6/2002
1472,1471,1/6/2004
1474,1473,1/5/2006
1476,1475,1/9/1990
1478,1477,1/9/1992
1480,1479,1/8/1994
1482,1481,1/8/1996
1484,1483,1/7/1998
1486,1485,1/7/2000
1488,1487,1/6/2002
1490,1489,1/6/2004
1492,1491,1/5/2006
1494,1493,1/9/1990
1496,1495,1/9/1992
1498,1497,1/8/1994
1500,1499,1/8/1996
1502,1501,1/7/1998
1504,1503,1/7/2000
1506,1505,1/6/2002
1508,1507,1/6/2004
1510,1509,1/5/2006
1512,1511,1/9/1990
1514,1513,1/9/1992
1516,1515,1/8/1994
1518,1517,1/8/1996
1520,1519,1/7/1998
1522,1521,1/7/2000
1524,1523,1/6/2002
1526,1525,1/6/2004
1528,1527,1/5/2006
1530,1529,1/9/1990
1532,1531,1/9/1992
1534,1533,1/8/1994
1536,1535,1/8/1996
1538,1537,1/7/1998
1540,1539,1/7/2000
1542,1541,1/6/2002
1544,1543,1/6/2004
1546,1545,1/5/2006
1548,1547,1/9/1990
1550,1549,1/9/1992
1552,1551,1/8/1994
1554,1553,1/8/1996
1556,1555,1/7/1998
1558,1557,1/7/2000
1560,1559,1/6/2002
1562,1561,1/6/2004
1564,1563,1/5/2006
1566,1565,1/9/1990
1568,1567,1/9/1992
1570,1569,1/8/1994
1572,1571,1/8/1996
1574,1573,1/7/1998
1576,1575,1/7/2000
1578,1577,1/6/2002
1580,1579,1/6/2004
1582,1581,1/5/2006
1584,1583,1/9/1990
1586,1585,1/9/1992
1588,1587,1/8/1994
1590,1589,1/8/1996
1592,1591,1/7/1998
1594,1593,1/7/2000
1596,1595,1/6/2002
1598,1597,1/6/2004
1600,1599,1/5/2006
1602,1601,1/9/1990
1604,1603,1/9/1992
1606,1605,1/8/1994
1608,1607,1/8/1996
1610,1609,1/7/1998
1612,1611,1/7/2000
1614,1613,1/6/2002
1616,1615,1/6/2004
1618,1617,1/5/2006
1620,1619,1/9/1990
1622,1621,1/9/1992
1624,1623,1/8/1994
1626,1625,1/8/1996
1628,1627,1/7/1998
1630,1629,1/7/2000
1632,1631,1/6/2002
1634,1633,1/6/2004
1636,1635,1/5/2006
1638,1637,1/9/1990
1640,1639,1/9/1992
1642,1641,1/8/1994
1644,1643,1/8/1996
1646,1645,1/7/1998
1648,1647,1/7/2000
1650,1649,1/6/2002
1652,1651,1/6/2004
1654,1653,1/5/2006
1656,1655,1/9/1990
1658,1657,1/9/1992
1660,1659,1/8/1994
1662,1661,1/8/1996
1664,1663,1/7/1998
1666,1665,1/7/2000
1668,1667,1/6/2002
1670,1669,1/6/2004
1672,1671,1/5/2006
1674,1673,1/9/1990
1676,1675,1/9/1992
1678,1677,1/8/1994
1680,1679,1/8/1996
1682,1681,1/7/1998
1684,1683,1/7/2000
1686,1685,1/6/2002
1688,1687,1/6/2004
1690,1689,1/5/2006
1692,1691,1/9/1990
1694,1693,1/9/1992
1696,1695,1/8/1994
1698,1697,1/8/1996
1700,1699,1/7/1998
1702,1701,1/7/2000
1704,1703,1/6/2002
1706,1705,1/6/2004
1708,1707,1/5/2006
1710,1709,1/9/1990
1712,1711,1/9/1992
1714,1713,1/8/1994
1716,1715,1/8/1996
1718,1717,1/7/1998
1720,1719,1/7/2000
1722,1721,1/6/2002
1724,1723,1/6/2004
1726,1725,1/5/2006
1728,1727,1/9/1990
1730,1729,1/9/1992
1732,1731,1/8/1994
1734,1733,1/8/1996
1736,1735,1/7/1998
1738,1737,1/7/2000
1740,1739,1/6/2002
1742,1741,1/6/2004
1744,1743,1/5/2006
1746,1745,1/9/1990
1748,1747,1/9/1992
1750,1749,1/8/1994
1752,1751,1/8/1996
1754,1753,1/7/1998
1756,1755,1/7/2000
1758,1757,1/6/2002
1760,1759,1/6/2004
1762,1761,1/5/2006
1764,1763,1/9/1990
1766,1765,1/9/1992
1768,1767,1/8/1994
1770,1769,1/8/1996
1772,1771,1/7/1998
1774,1773,1/7/2000
1776,1775,1/6/2002
1778,1777,1/6/2004
1780,1779,1/5/2006
1782,1781,1/9/1990
1784,1783,1/9/1992
1786,1785,1/8/1994
1788,1787,1/8/1996
1790,1789,1/7/1998
1792,1791,1/7/2000
1794,1793,1/6/2002
1796,1795,1/6/2004
1798,1797,1/5/2006
1800,1799,1/9/1990
1802,1801,1/9/1992
1804,1803,1/8/1994
1806,1805,1/8/1996
1808,1807,1/7/1998
1810,1809,1/7/2000
1812,1811,1/6/2002
1814,1813,1/6/2004
1816,1815,1/5/2006
1818,1817,1/9/1990
1820,1819,1/9/1992
1822,1821,1/8/1994
1824,1823,1/8/1996
1826,1825,1/7/1998
1828,1827,1/7/2000
1830,1829,1/6/2002
1832,1831,1/6/2004
1834,1833,1/5/2006
1836,1835,1/9/1990
1838,1837,1/9/1992
1840,1839,1/8/1994
1842,1841,1/8/1996
1844,1843,1/7/1998
1846,1845,1/7/2000
1848,1847,1/6/2002
1850,1849,1/6/2004
1852,1851,1/5/2006
1854,1853,1/9/1990
1856,1855,1/9/1992
1858,1857,1/8/1994
1860,1859,1/8/1996
1862,1861,1/7/1998
1864,1863,1/7/2000
1866,1865,1/6/2002
1868,1867,1/6/2004
1870,1869,1/5/2006
1872,1871,1/9/1990
1874,1873,1/9/1992
1876,1875,1/8/1994
1878,1877,1/8/1996
1880,1879,1/7/1998
1882,1881,1/7/2000
1884,1883,1/6/2002
1886,1885,1/6/2004
1888,1887,1/5/2006
1890,1889,1/9/1990
1892,1891,1/9/1992
1894,1893,1/8/1994
1896,1895,1/8/1996
1898,1897,1/7/1998
1900,1899,1/7/2000
1902,1901,1/6/2002
1904,1903,1/6/2004
1906,1905,1/5/2006
1908,1907,1/9/1990
1910,1909,1/9/1992
1912,1911,1/8/1994
1914,1913,1/8/1996
1916,1915,1/7/1998
1918,1917,1/7/2000
1920,1919,1/6/2002
1922,1921,1/6/2004
1924,1923,1/5/2006
1926,1925,1/9/1990
1928,1927,1/9/1992
1930,1929,1/8/1994
1932,1931,1/8/1996
1934,1933,1/7/1998
1936,1935,1/7/2000
1938,1937,1/6/2002
1940,1939,1/6/2004
1942,1941,1/5/2006
1944,1943,1/9/1990
1946,1945,1/9/1992
1948,1947,1/8/1994
1950,1949,1/8/1996
1952,1951,1/7/1998
1954,1953,1/7/2000
1956,1955,1/6/2002
1958,1957,1/6/2004
1960,1959,1/5/2006
1962,1961,1/9/1990
1964,1963,1/9/1992
1966,1965,1/8/1994
1968,1967,1/8/1996
1970,1969,1/7/1998
1972,1971,1/7/2000
1974,1973,1/6/2002
1976,1975,1/6/2004
1978,1977,1/5/2006
1980,1979,1/9/1990
1982,1981,1/9/1992
1984,1983,1/8/1994
1986,1985,1/8/1996
1988,1987,1/7/1998
1990,1989,1/7/2000
1992,1991,1/6/2002
1994,1993,1/6/2004
1996,1995,1/5/2006
1998,1997,1/9/1990
2000,1999,1/9/1992
2002,2001,1/8/1994
2004,2003,1/8/1996
2006,2005,1/7/1998
2008,2007,1/7/2000
2010,2009,1/6/2002
2012,2011,1/6/2004
2014,2013,1/5/2006
2016,2015,1/9/1990
2018,2017,1/9/1992
2020,2019,1/8/1994
2022,2021,1/8/1996
2024,2023,1/7/1998
2026,2025,1/7/2000
2028,2027,1/6/2002
2030,2029,1/6/2004
2032,2031,1/5/2006
2034,2033,1/9/1990
2036,2035,1/9/1992
2038,2037,1/8/1994
2040,2039,1/8/1996
2042,2041,1/7/1998
2044,2043,1/7/2000
2046,2045,1/6/2002
2048,2047,1/6/2004
2050,2049,1/5/2006
2052,2051,1/9/1990
2054,2053,1/9/1992
2056,2055,1/8/1994
2058,2057,1/8/1996
2060,2059,1/7/1998
2062,2061,1/7/2000
2064,2063,1/6/2002
2066,2065,1/6/2004
2068,2067,1/5/2006
2070,2069,1/9/1990
2072,2071,1/9/1992
2074,2073,1/8/1994
2076,2075,1/8/1996
2078,2077,1/7/1998
2080,2079,1/7/2000
2082,2081,1/6/2002
2084,2083,1/6/2004
2086,2085,1/5/2006
2088,2087,1/9/1990
2090,2089,1/9/1992
2092,2091,1/8/1994
2094,2093,1/8/1996
2096,2095,1/7/1998
2098,2097,1/7/2000
2100,2099,1/6/2002
2102,2101,1/6/2004
2104,2103,1/5/2006
2106,2105,1/9/1990
2108,2107,1/9/1992
2110,2109,1/8/1994
2112,2111,1/8/1996
2114,2113,1/7/1998
2116,2115,1/7/2000
2118,2117,1/6/2002
2120,2119,1/6/2004
2122,2121,1/5/2006
2124,2123,1/9/1990
2126,2125,1/9/1992
2128,2127,1/8/1994
2130,2129,1/8/1996
2132,2131,1/7/1998
2134,2133,1/7/2000
2136,2135,1/6/2002
2138,2137,1/6/2004
2140,2139,1/5/2006
2142,2141,1/9/1990
2144,2143,1/9/1992
2146,2145,1/8/1994
2148,2147,1/8/1996
2150,2149,1/7/1998
2152,2151,1/7/2000
2154,2153,1/6/2002
2156,2155,1/6/2004
2158,2157,1/5/2006
2160,2159,1/9/1990
2162,2161,1/9/1992
2164,2163,1/8/1994
2166,2165,1/8/1996
2168,2167,1/7/1998
2170,2169,1/7/2000
2172,2171,1/6/2002
2174,2173,1/6/2004
2176,2175,1/5/2006
2178,2177,1/9/1990
2180,2179,1/9/1992
2182,2181,1/8/1994
2184,2183,1/8/1996
2186,2185,1/7/1998
2188,2187,1/7/2000
2190,2189,1/6/2002
2192,2191,1/6/2004
2194,2193,1/5/2006
2196,2195,1/9/1990
2198,2197,1/9/1992
2200,2199,1/8/1994
2202,2201,1/8/1996
2204,2203,1/7/1998
2206,2205,1/7/2000
2208,2207,1/6/2002
2210,2209,1/6/2004
2212,2211,1/5/2006
2214,2213,1/9/1990
2216,2215,1/9/1992
2218,2217,1/8/1994
2220,2219,1/8/1996
2222,2221,1/7/1998
2224,2223,1/7/2000
2226,2225,1/6/2002
2228,2227,1/6/2004
2230,2229,1/5/2006
2232,2231,1/9/1990
2234,2233,1/9/1992
2236,2235,1/8/1994
2238,2237,1/8/1996
2240,2239,1/7/1998
2242,2241,1/7/2000
2244,2243,1/6/2002
2246,2245,1/6/2004
2248,2247,1/5/2006
2250,2249,1/9/1990
2252,2251,1/9/1992
2254,2253,1/8/1994
2256,2255,1/8/1996
2258,2257,1/7/1998
2260,2259,1/7/2000
2262,2261,1/6/2002
2264,2263,1/6/2004
2266,2265,1/5/2006
2268,2267,1/9/1990
2270,2269,1/9/1992
2272,2271,1/8/1994
2274,2273,1/8/1996
2276,2275,1/7/1998
2278,2277,1/7/2000
2280,2279,1/6/2002
2282,2281,1/6/2004
2284,2283,1/5/2006
2286,2285,1/9/1990
2288,2287,1/9/1992
2290,2289,1/8/1994
2292,2291,1/8/1996
2294,2293,1/7/1998
2296,2295,1/7/2000
2298,2297,1/6/2002
2300,2299,1/6/2004
2302,2301,1/5/2006
2304,2303,1/9/1990
2306,2305,1/9/1992
2308,2307,1/8/1994
2310,2309,1/8/1996
2312,2311,1/7/1998
2314,2313,1/7/2000
2316,2315,1/6/2002
2318,2317,1/6/2004
2320,2319,1/5/2006
2322,2321,1/9/1990
2324,2323,1/9/1992
2326,2325,1/8/1994
2328,2327,1/8/1996
2330,2329,1/7/1998
2332,2331,1/7/2000
2334,2333,1/6/2002
2336,2335,1/6/2004
2338,2337,1/5/2006
2340,2339,1/9/1990
2342,2341,1/9/1992
2344,2343,1/8/1994
2346,2345,1/8/1996
2348,2347,1/7/1998
2350,2349,1/7/2000
2352,2351,1/6/2002
2354,2353,1/6/2004
2356,2355,1/5/2006
2358,2357,1/9/1990
2360,2359,1/9/1992
2362,2361,1/8/1994
2364,2363,1/8/1996
2366,2365,1/7/1998
2368,2367,1/7/2000
2370,2369,1/6/2002
2372,2371,1/6/2004
2374,2373,1/5/2006
2376,2375,1/9/1990
2378,2377,1/9/1992
2380,2379,1/8/1994
2382,2381,1/8/1996
2384,2383,1/7/1998
2386,2385,1/7/2000
2388,2387,1/6/2002
2390,2389,1/6/2004
2392,2391,1/5/2006
2394,2393,1/9/1990
2396,2395,1/9/1992
2398,2397,1/8/1994
2400,2399,1/8/1996
2402,2401,1/7/1998
2404,2403,1/7/2000
2406,2405,1/6/2002
2408,2407,1/6/2004
2410,2409,1/5/2006
2412,2411,1/9/1990
2414,2413,1/9/1992
2416,2415,1/8/1994
2418,2417,1/8/1996
2420,2419,1/7/1998
2422,2421,1/7/2000
2424,2423,1/6/2002
2426,2425,1/6/2004
2428,2427,1/5/2006
2430,2429,1/9/1990
2432,2431,1/9/1992
2434,2433,1/8/1994
2436,2435,1/8/1996
2438,2437,1/7/1998
2440,2439,1/7/2000
2442,2441,1/6/2002
2444,2443,1/6/2004
2446,2445,1/5/2006
2448,2447,1/9/1990
2450,2449,1/9/1992
2452,2451,1/8/1994
2454,2453,1/8/1996
2456,2455,1/7/1998
2458,2457,1/7/2000
2460,2459,1/6/2002
2462,2461,1/6/2004
2464,2463,1/5/2006
2466,2465,1/9/1990
2468,2467,1/9/1992
2470,2469,1/8/1994
2472,2471,1/8/1996
2474,2473,1/7/1998
2476,2475,1/7/2000
2478,2477,1/6/2002
2480,2479,1/6/2004
2482,2481,1/5/2006
2484,2483,1/9/1990
2486,2485,1/9/1992
2488,2487,1/8/1994
2490,2489,1/8/1996
2492,2491,1/7/1998
2494,2493,1/7/2000
2496,2495,1/6/2002
2498,2497,1/6/2004
2500,2499,1/5/2006
2502,2501,1/9/1990
2504,2503,1/9/1992
2506,2505,1/8/1994
2508,2507,1/8/1996
2510,2509,1/7/1998
2512,2511,1/7/2000
2514,2513,1/6/2002
2516,2515,1/6/2004
2518,2517,1/5/2006
2520,2519,1/9/1990
2522,2521,1/9/1992
2524,2523,1/8/1994
2526,2525,1/8/1996
2528,2527,1/7/1998
2530,2529,1/7/2000
2532,2531,1/6/2002
2534,2533,1/6/2004
2536,2535,1/5/2006
2538,2537,1/9/1990
2540,2539,1/9/1992
2542,2541,1/8/1994
2544,2543,1/8/1996
2546,2545,1/7/1998
2548,2547,1/7/2000
2550,2549,1/6/2002
2552,2551,1/6/2004
2554,2553,1/5/2006
2556,2555,1/9/1990
2558,2557,1/9/1992
2560,2559,1/8/1994
2562,2561,1/8/1996
2564,2563,1/7/1998
2566,2565,1/7/2000
2568,2567,1/6/2002
2570,2569,1/6/2004
2572,2571,1/5/2006
2574,2573,1/9/1990
2576,2575,1/9/1992
2578,2577,1/8/1994
2580,2579,1/8/1996
2582,2581,1/7/1998
2584,2583,1/7/2000
2586,2585,1/6/2002
2588,2587,1/6/2004
2590,2589,1/5/2006
2592,2591,1/9/1990
2594,2593,1/9/1992
2596,2595,1/8/1994
2598,2597,1/8/1996
2600,2599,1/7/1998
2602,2601,1/7/2000
2604,2603,1/6/2002
2606,2605,1/6/2004
2608,2607,1/5/2006
2610,2609,1/9/1990
2612,2611,1/9/1992
2614,2613,1/8/1994
2616,2615,1/8/1996
2618,2617,1/7/1998
2620,2619,1/7/2000
2622,2621,1/6/2002
2624,2623,1/6/2004
2626,2625,1/5/2006
2628,2627,1/9/1990
2630,2629,1/9/1992
2632,2631,1/8/1994
2634,2633,1/8/1996
2636,2635,1/7/1998
2638,2637,1/7/2000
2640,2639,1/6/2002
2642,2641,1/6/2004
2644,2643,1/5/2006
2646,2645,1/9/1990
2648,2647,1/9/1992
2650,2649,1/8/1994
2652,2651,1/8/1996
2654,2653,1/7/1998
2656,2655,1/7/2000
2658,2657,1/6/2002
2660,2659,1/6/2004
2662,2661,1/5/2006
2664,2663,1/9/1990
2666,2665,1/9/1992
2668,2667,1/8/1994
2670,2669,1/8/1996
2672,2671,1/7/1998
2674,2673,1/7/2000
2676,2675,1/6/2002
2678,2677,1/6/2004
2680,2679,1/5/2006
2682,2681,1/9/1990
2684,2683,1/9/1992
2686,2685,1/8/1994
2688,2687,1/8/1996
2690,2689,1/7/1998
2692,2691,1/7/2000
2694,2693,1/6/2002
2696,2695,1/6/2004
2698,2697,1/5/2006
2700,2699,1/9/1990
2702,2701,1/9/1992
2704,2703,1/8/1994
2706,2705,1/8/1996
2708,2707,1/7/1998
2710,2709,1/7/2000
2712,2711,1/6/2002
2714,2713,1/6/2004
2716,2715,1/5/2006
2718,2717,1/9/1990
2720,2719,1/9/1992
2722,2721,1/8/1994
2724,2723,1/8/1996
2726,2725,1/7/1998
2728,2727,1/7/2000
2730,2729,1/6/2002
2732,2731,1/6/2004
2734,2733,1/5/2006
2736,2735,1/9/1990
2738,2737,1/9/1992
2740,2739,1/8/1994
2742,2741,1/8/1996
2744,2743,1/7/1998
2746,2745,1/7/2000
2748,2747,1/6/2002
2750,2749,1/6/2004
2752,2751,1/5/2006
2754,2753,1/9/1990
2756,2755,1/9/1992
2758,2757,1/8/1994
2760,2759,1/8/1996
2762,2761,1/7/1998
2764,2763,1/7/2000
2766,2765,1/6/2002
2768,2767,1/6/2004
2770,2769,1/5/2006
2772,2771,1/9/1990
2774,2773,1/9/1992
2776,2775,1/8/1994
2778,2777,1/8/1996
2780,2779,1/7/1998
2782,2781,1/7/2000
2784,2783,1/6/2002
2786,2785,1/6/2004
2788,2787,1/5/2006
2790,2789,1/9/1990
2792,2791,1/9/1992
2794,2793,1/8/1994
2796,2795,1/8/1996
2798,2797,1/7/1998
2800,2799,1/7/2000
2802,2801,1/6/2002
2804,2803,1/6/2004
2806,2805,1/5/2006
2808,2807,1/9/1990
2810,2809,1/9/1992
2812,2811,1/8/1994
2814,2813,1/8/1996
2816,2815,1/7/1998
2818,2817,1/7/2000
2820,2819,1/6/2002
2822,2821,1/6/2004
2824,2823,1/5/2006
2826,2825,1/9/1990
2828,2827,1/9/1992
2830,2829,1/8/1994
2832,2831,1/8/1996
2834,2833,1/7/1998
2836,2835,1/7/2000
2838,2837,1/6/2002
2840,2839,1/6/2004
2842,2841,1/5/2006
2844,2843,1/9/1990
2846,2845,1/9/1992
2848,2847,1/8/1994
2850,2849,1/8/1996
2852,2851,1/7/1998
2854,2853,1/7/2000
2856,2855,1/6/2002
2858,2857,1/6/2004
2860,2859,1/5/2006
2862,2861,1/9/1990
2864,2863,1/9/1992
2866,2865,1/8/1994
2868,2867,1/8/1996
2870,2869,1/7/1998
2872,2871,1/7/2000
2874,2873,1/6/2002
2876,2875,1/6/2004
2878,2877,1/5/2006
2880,2879,1/9/1990
2882,2881,1/9/1992
2884,2883,1/8/1994
2886,2885,1/8/1996
2888,2887,1/7/1998
2890,2889,1/7/2000
2892,2891,1/6/2002
2894,2893,1/6/2004
2896,2895,1/5/2006
2898,2897,1/9/1990
2900,2899,1/9/1992
2902,2901,1/8/1994
2904,2903,1/8/1996
2906,2905,1/7/1998
2908,2907,1/7/2000
2910,2909,1/6/2002
2912,2911,1/6/2004
2914,2913,1/5/2006
2916,2915,1/9/1990
2918,2917,1/9/1992
2920,2919,1/8/1994
2922,2921,1/8/1996
2924,2923,1/7/1998
2926,2925,1/7/2000
2928,2927,1/6/2002
2930,2929,1/6/2004
2932,2931,1/5/2006
2934,2933,1/9/1990
2936,2935,1/9/1992
2938,2937,1/8/1994
2940,2939,1/8/1996
2942,2941,1/7/1998
2944,2943,1/7/2000
2946,2945,1/6/2002
2948,2947,1/6/2004
2950,2949,1/5/2006
2952,2951,1/9/1990
2954,2953,1/9/1992
2956,2955,1/8/1994
2958,2957,1/8/1996
2960,2959,1/7/1998
2962,2961,1/7/2000
2964,2963,1/6/2002
2966,2965,1/6/2004
2968,2967,1/5/2006
2970,2969,1/9/1990
2972,2971,1/9/1992
2974,2973,1/8/1994
2976,2975,1/8/1996
2978,2977,1/7/1998
2980,2979,1/7/2000
2982,2981,1/6/2002
2984,2983,1/6/2004
2986,2985,1/5/2006
2988,2987,1/9/1990
2990,2989,1/9/1992
2992,2991,1/8/1994
2994,2993,1/8/1996
2996,2995,1/7/1998
2998,2997,1/7/2000
3000,2999,1/6/2002
3002,3001,1/6/2004
3004,3003,1/5/2006
3006,3005,1/9/1990
3008,3007,1/9/1992
3010,3009,1/8/1994
3012,3011,1/8/1996
3014,3013,1/7/1998
3016,3015,1/7/2000
3018,3017,1/6/2002
3020,3019,1/6/2004
3022,3021,1/5/2006
3024,3023,1/9/1990
3026,3025,1/9/1992
3028,3027,1/8/1994
3030,3029,1/8/1996
3032,3031,1/7/1998
3034,3033,1/7/2000
3036,3035,1/6/2002
3038,3037,1/6/2004
3040,3039,1/5/2006
3042,3041,1/9/1990
3044,3043,1/9/1992
3046,3045,1/8/1994
3048,3047,1/8/1996
3050,3049,1/7/1998
3052,3051,1/7/2000
3054,3053,1/6/2002
3056,3055,1/6/2004
3058,3057,1/5/2006
3060,3059,1/9/1990
3062,3061,1/9/1992
3064,3063,1/8/1994
3066,3065,1/8/1996
3068,3067,1/7/1998
3070,3069,1/7/2000
3072,3071,1/6/2002
3074,3073,1/6/2004
3076,3075,1/5/2006
3078,3077,1/9/1990
3080,3079,1/9/1992
3082,3081,1/8/1994
3084,3083,1/8/1996
3086,3085,1/7/1998
3088,3087,1/7/2000
3090,3089,1/6/2002
3092,3091,1/6/2004
3094,3093,1/5/2006
3096,3095,1/9/1990
3098,3097,1/9/1992
3100,3099,1/8/1994
3102,3101,1/8/1996
3104,3103,1/7/1998
3106,3105,1/7/2000
3108,3107,1/6/2002
3110,3109,1/6/2004
3112,3111,1/5/2006
3114,3113,1/9/1990
3116,3115,1/9/1992
3118,3117,1/8/1994
3120,3119,1/8/1996
3122,3121,1/7/1998
3124,3123,1/7/2000
3126,3125,1/6/2002
3128,3127,1/6/2004
3130,3129,1/5/2006
3132,3131,1/9/1990
3134,3133,1/9/1992
3136,3135,1/8/1994
3138,3137,1/8/1996
3140,3139,1/7/1998
3142,3141,1/7/2000
3144,3143,1/6/2002
3146,3145,1/6/2004
3148,3147,1/5/2006
3150,3149,1/9/1990
3152,3151,1/9/1992
3154,3153,1/8/1994
3156,3155,1/8/1996
3158,3157,1/7/1998
3160,3159,1/7/2000
3162,3161,1/6/2002
3164,3163,1/6/2004
3166,3165,1/5/2006
3168,3167,1/9/1990
3170,3169,1/9/1992
3172,3171,1/8/1994
3174,3173,1/8/1996
3176,3175,1/7/1998
3178,3177,1/7/2000
3180,3179,1/6/2002
3182,3181,1/6/2004
3184,3183,1/5/2006
3186,3185,1/9/1990
3188,3187,1/9/1992
3190,3189,1/8/1994
3192,3191,1/8/1996
3194,3193,1/7/1998
3196,3195,1/7/2000
3198,3197,1/6/2002
3200,3199,1/6/2004
3202,3201,1/5/2006
3204,3203,1/9/1990
3206,3205,1/9/1992
3208,3207,1/8/1994
3210,3209,1/8/1996
3212,3211,1/7/1998
3214,3213,1/7/2000
3216,3215,1/6/2002
3218,3217,1/6/2004
3220,3219,1/5/2006
3222,3221,1/9/1990
3224,3223,1/9/1992
3226,3225,1/8/1994
3228,3227,1/8/1996
3230,3229,1/7/1998
3232,3231,1/7/2000
3234,3233,1/6/2002
3236,3235,1/6/2004
3238,3237,1/5/2006
3240,3239,1/9/1990
3242,3241,1/9/1992
3244,3243,1/8/1994
3246,3245,1/8/1996
3248,3247,1/7/1998
3250,3249,1/7/2000
3252,3251,1/6/2002
3254,3253,1/6/2004
3256,3255,1/5/2006
3258,3257,1/9/1990
3260,3259,1/9/1992
3262,3261,1/8/1994
3264,3263,1/8/1996
3266,3265,1/7/1998
3268,3267,1/7/2000
3270,3269,1/6/2002
3272,3271,1/6/2004
3274,3273,1/5/2006
3276,3275,1/9/1990
3278,3277,1/9/1992
3280,3279,1/8/1994
3282,3281,1/8/1996
3284,3283,1/7/1998
3286,3285,1/7/2000
3288,3287,1/6/2002
3290,3289,1/6/2004
3292,3291,1/5/2006
3294,3293,1/9/1990
3296,3295,1/9/1992
3298,3297,1/8/1994
3300,3299,1/8/1996
3302,3301,1/7/1998
3304,3303,1/7/2000
3306,3305,1/6/2002
3308,3307,1/6/2004
3310,3309,1/5/2006
3312,3311,1/9/1990
3314,3313,1/9/1992
3316,3315,1/8/1994
3318,3317,1/8/1996
3320,3319,1/7/1998
3322,3321,1/7/2000
3324,3323,1/6/2002
3326,3325,1/6/2004
3328,3327,1/5/2006
3330,3329,1/9/1990
3332,3331,1/9/1992
3334,3333,1/8/1994
3336,3335,1/8/1996
3338,3337,1/7/1998
3340,3339,1/7/2000
3342,3341,1/6/2002
3344,3343,1/6/2004
3346,3345,1/5/2006
3348,3347,1/9/1990
3350,3349,1/9/1992
3352,3351,1/8/1994
3354,3353,1/8/1996
3356,3355,1/7/1998
3358,3357,1/7/2000
3360,3359,1/6/2002
3362,3361,1/6/2004
3364,3363,1/5/2006
3366,3365,1/9/1990
3368,3367,1/9/1992
3370,3369,1/8/1994
3372,3371,1/8/1996
3374,3373,1/7/1998
3376,3375,1/7/2000
3378,3377,1/6/2002
3380,3379,1/6/2004
3382,3381,1/5/2006
3384,3383,1/9/1990
3386,3385,1/9/1992
3388,3387,1/8/1994
3390,3389,1/8/1996
3392,3391,1/7/1998
3394,3393,1/7/2000
3396,3395,1/6/2002
3398,3397,1/6/2004
3400,3399,1/5/2006
3402,3401,1/9/1990
3404,3403,1/9/1992
3406,3405,1/8/1994
3408,3407,1/8/1996
3410,3409,1/7/1998
3412,3411,1/7/2000
3414,3413,1/6/2002
3416,3415,1/6/2004
3418,3417,1/5/2006
3420,3419,1/9/1990
3422,3421,1/9/1992
3424,3423,1/8/1994
3426,3425,1/8/1996
3428,3427,1/7/1998
3430,3429,1/7/2000
3432,3431,1/6/2002
3434,3433,1/6/2004
3436,3435,1/5/2006
3438,3437,1/9/1990
3440,3439,1/9/1992
3442,3441,1/8/1994
3444,3443,1/8/1996
3446,3445,1/7/1998
3448,3447,1/7/2000
3450,3449,1/6/2002
3452,3451,1/6/2004
3454,3453,1/5/2006
3456,3455,1/9/1990
3458,3457,1/9/1992
3460,3459,1/8/1994
3462,3461,1/8/1996
3464,3463,1/7/1998
3466,3465,1/7/2000
3468,3467,1/6/2002
3470,3469,1/6/2004
3472,3471,1/5/2006
3474,3473,1/9/1990
3476,3475,1/9/1992
3478,3477,1/8/1994
3480,3479,1/8/1996
3482,3481,1/7/1998
3484,3483,1/7/2000
3486,3485,1/6/2002
3488,3487,1/6/2004
3490,3489,1/5/2006
3492,3491,1/9/1990
3494,3493,1/9/1992
3496,3495,1/8/1994
3498,3497,1/8/1996
3500,3499,1/7/1998
3502,3501,1/7/2000
3504,3503,1/6/2002
3506,3505,1/6/2004
3508,3507,1/5/2006
3510,3509,1/9/1990
3512,3511,1/9/1992
3514,3513,1/8/1994
3516,3515,1/8/1996
3518,3517,1/7/1998
3520,3519,1/7/2000
3522,3521,1/6/2002
3524,3523,1/6/2004
3526,3525,1/5/2006
3528,3527,1/9/1990
3530,3529,1/9/1992
3532,3531,1/8/1994
3534,3533,1/8/1996
3536,3535,1/7/1998
3538,3537,1/7/2000
3540,3539,1/6/2002
3542,3541,1/6/2004
3544,3543,1/5/2006
3546,3545,1/9/1990
3548,3547,1/9/1992
3550,3549,1/8/1994
3552,3551,1/8/1996
3554,3553,1/7/1998
3556,3555,1/7/2000
3558,3557,1/6/2002
3560,3559,1/6/2004
3562,3561,1/5/2006
3564,3563,1/9/1990
3566,3565,1/9/1992
3568,3567,1/8/1994
3570,3569,1/8/1996
3572,3571,1/7/1998
3574,3573,1/7/2000
3576,3575,1/6/2002
3578,3577,1/6/2004
3580,3579,1/5/2006
3582,3581,1/9/1990
3584,3583,1/9/1992
3586,3585,1/8/1994
3588,3587,1/8/1996
3590,3589,1/7/1998
3592,3591,1/7/2000
3594,3593,1/6/2002
3596,3595,1/6/2004
3598,3597,1/5/2006
3600,3599,1/9/1990
3602,3601,1/9/1992
3604,3603,1/8/1994
3606,3605,1/8/1996
3608,3607,1/7/1998
3610,3609,1/7/2000
3612,3611,1/6/2002
3614,3613,1/6/2004
3616,3615,1/5/2006
3618,3617,1/9/1990
3620,3619,1/9/1992
3622,3621,1/8/1994
3624,3623,1/8/1996
3626,3625,1/7/1998
3628,3627,1/7/2000
3630,3629,1/6/2002
3632,3631,1/6/2004
3634,3633,1/5/2006
3636,3635,1/9/1990
3638,3637,1/9/1992
3640,3639,1/8/1994
3642,3641,1/8/1996
3644,3643,1/7/1998
3646,3645,1/7/2000
3648,3647,1/6/2002
3650,3649,1/6/2004
3652,3651,1/5/2006
3654,3653,1/9/1990
3656,3655,1/9/1992
3658,3657,1/8/1994
3660,3659,1/8/1996
3662,3661,1/7/1998
3664,3663,1/7/2000
3666,3665,1/6/2002
3668,3667,1/6/2004
3670,3669,1/5/2006
3672,3671,1/9/1990
3674,3673,1/9/1992
3676,3675,1/8/1994
3678,3677,1/8/1996
3680,3679,1/7/1998
3682,3681,1/7/2000
3684,3683,1/6/2002
3686,3685,1/6/2004
3688,3687,1/5/2006
3690,3689,1/9/1990
3692,3691,1/9/1992
3694,3693,1/8/1994
3696,3695,1/8/1996
3698,3697,1/7/1998
3700,3699,1/7/2000
3702,3701,1/6/2002
3704,3703,1/6/2004
3706,3705,1/5/2006
3708,3707,1/9/1990
3710,3709,1/9/1992
3712,3711,1/8/1994
3714,3713,1/8/1996
3716,3715,1/7/1998
3718,3717,1/7/2000
3720,3719,1/6/2002
3722,3721,1/6/2004
3724,3723,1/5/2006
3726,3725,1/9/1990
3728,3727,1/9/1992
3730,3729,1/8/1994
3732,3731,1/8/1996
3734,3733,1/7/1998
3736,3735,1/7/2000
3738,3737,1/6/2002
3740,3739,1/6/2004
3742,3741,1/5/2006
3744,3743,1/9/1990
3746,3745,1/9/1992
3748,3747,1/8/1994
3750,3749,1/8/1996
3752,3751,1/7/1998
3754,3753,1/7/2000
3756,3755,1/6/2002
3758,3757,1/6/2004
3760,3759,1/5/2006
3762,3761,1/9/1990
3764,3763,1/9/1992
3766,3765,1/8/1994
3768,3767,1/8/1996
3770,3769,1/7/1998
3772,3771,1/7/2000
3774,3773,1/6/2002
3776,3775,1/6/2004
3778,3777,1/5/2006
3780,3779,1/9/1990
3782,3781,1/9/1992
3784,3783,1/8/1994
3786,3785,1/8/1996
3788,3787,1/7/1998
3790,3789,1/7/2000
3792,3791,1/6/2002
3794,3793,1/6/2004
3796,3795,1/5/2006
3798,3797,1/9/1990
3800,3799,1/9/1992
3802,3801,1/8/1994
3804,3803,1/8/1996
3806,3805,1/7/1998
3808,3807,1/7/2000
3810,3809,1/6/2002
3812,3811,1/6/2004
3814,3813,1/5/2006
3816,3815,1/9/1990
3818,3817,1/9/1992
3820,3819,1/8/1994
3822,3821,1/8/1996
3824,3823,1/7/1998
3826,3825,1/7/2000
3828,3827,1/6/2002
3830,3829,1/6/2004
3832,3831,1/5/2006
3834,3833,1/9/1990
3836,3835,1/9/1992
3838,3837,1/8/1994
3840,3839,1/8/1996
3842,3841,1/7/1998
3844,3843,1/7/2000
3846,3845,1/6/2002
3848,3847,1/6/2004
3850,3849,1/5/2006
3852,3851,1/9/1990
3854,3853,1/9/1992
3856,3855,1/8/1994
3858,3857,1/8/1996
3860,3859,1/7/1998
3862,3861,1/7/2000
3864,3863,1/6/2002
3866,3865,1/6/2004
3868,3867,1/5/2006
3870,3869,1/9/1990
3872,3871,1/9/1992
3874,3873,1/8/1994
3876,3875,1/8/1996
3878,3877,1/7/1998
3880,3879,1/7/2000
3882,3881,1/6/2002
3884,3883,1/6/2004
3886,3885,1/5/2006
3888,3887,1/9/1990
3890,3889,1/9/1992
3892,3891,1/8/1994
3894,3893,1/8/1996
3896,3895,1/7/1998
3898,3897,1/7/2000
3900,3899,1/6/2002
3902,3901,1/6/2004
3904,3903,1/5/2006
3906,3905,1/9/1990
3908,3907,1/9/1992
3910,3909,1/8/1994
3912,3911,1/8/1996
3914,3913,1/7/1998
3916,3915,1/7/2000
3918,3917,1/6/2002
3920,3919,1/6/2004
3922,3921,1/5/2006
3924,3923,1/9/1990
3926,3925,1/9/1992
3928,3927,1/8/1994
3930,3929,1/8/1996
3932,3931,1/7/1998
3934,3933,1/7/2000
3936,3935,1/6/2002
3938,3937,1/6/2004
3940,3939,1/5/2006
3942,3941,1/9/1990
3944,3943,1/9/1992
3946,3945,1/8/1994
3948,3947,1/8/1996
3950,3949,1/7/1998
3952,3951,1/7/2000
3954,3953,1/6/2002
3956,3955,1/6/2004
3958,3957,1/5/2006
3960,3959,1/9/1990
3962,3961,1/9/1992
3964,3963,1/8/1994
3966,3965,1/8/1996
3968,3967,1/7/1998
3970,3969,1/7/2000
3972,3971,1/6/2002
3974,3973,1/6/2004
3976,3975,1/5/2006
3978,3977,1/9/1990
3980,3979,1/9/1992
3982,3981,1/8/1994
3984,3983,1/8/1996
3986,3985,1/7/1998
3988,3987,1/7/2000
3990,3989,1/6/2002
3992,3991,1/6/2004
3994,3993,1/5/2006
3996,3995,1/9/1990
3998,3997,1/9/1992
4000,3999,1/8/1994
4002,4001,1/8/1996
4004,4003,1/7/1998
4006,4005,1/7/2000
4008,4007,1/6/2002
4010,4009,1/6/2004
4012,4011,1/5/2006
4014,4013,1/9/1990
4016,4015,1/9/1992
4018,4017,1/8/1994
4020,4019,1/8/1996
4022,4021,1/7/1998
4024,4023,1/7/2000
4026,4025,1/6/2002
4028,4027,1/6/2004
4030,4029,1/5/2006
4032,4031,1/9/1990
4034,4033,1/9/1992
4036,4035,1/8/1994
4038,4037,1/8/1996
4040,4039,1/7/1998
4042,4041,1/7/2000
4044,4043,1/6/2002
4046,4045,1/6/2004
4048,4047,1/5/2006
4050,4049,1/9/1990
4052,4051,1/9/1992
4054,4053,1/8/1994
4056,4055,1/8/1996
4058,4057,1/7/1998
4060,4059,1/7/2000
4062,4061,1/6/2002
4064,4063,1/6/2004
4066,4065,1/5/2006
4068,4067,1/9/1990
4070,4069,1/9/1992
4072,4071,1/8/1994
4074,4073,1/8/1996
4076,4075,1/7/1998
4078,4077,1/7/2000
4080,4079,1/6/2002
4082,4081,1/6/2004
4084,4083,1/5/2006
4086,4085,1/9/1990
4088,4087,1/9/1992
4090,4089,1/8/1994
4092,4091,1/8/1996
4094,4093,1/7/1998
4096,4095,1/7/2000
4098,4097,1/6/2002
4100,4099,1/6/2004
4102,4101,1/5/2006
4104,4103,1/9/1990
4106,4105,1/9/1992
4108,4107,1/8/1994
4110,4109,1/8/1996
4112,4111,1/7/1998
4114,4113,1/7/2000
4116,4115,1/6/2002
4118,4117,1/6/2004
4120,4119,1/5/2006
4122,4121,1/9/1990
4124,4123,1/9/1992
4126,4125,1/8/1994
4128,4127,1/8/1996
4130,4129,1/7/1998
4132,4131,1/7/2000
4134,4133,1/6/2002
4136,4135,1/6/2004
4138,4137,1/5/2006
4140,4139,1/9/1990
4142,4141,1/9/1992
4144,4143,1/8/1994
4146,4145,1/8/1996
4148,4147,1/7/1998
4150,4149,1/7/2000
4152,4151,1/6/2002
4154,4153,1/6/2004
4156,4155,1/5/2006
4158,4157,1/9/1990
4160,4159,1/9/1992
4162,4161,1/8/1994
4164,4163,1/8/1996
4166,4165,1/7/1998
4168,4167,1/7/2000
4170,4169,1/6/2002
4172,4171,1/6/2004
4174,4173,1/5/2006
4176,4175,1/9/1990
4178,4177,1/9/1992
4180,4179,1/8/1994
4182,4181,1/8/1996
4184,4183,1/7/1998
4186,4185,1/7/2000
4188,4187,1/6/2002
4190,4189,1/6/2004
4192,4191,1/5/2006
4194,4193,1/9/1990
4196,4195,1/9/1992
4198,4197,1/8/1994
4200,4199,1/8/1996
4202,4201,1/7/1998
4204,4203,1/7/2000
4206,4205,1/6/2002
4208,4207,1/6/2004
4210,4209,1/5/2006
4212,4211,1/9/1990
4214,4213,1/9/1992
4216,4215,1/8/1994
4218,4217,1/8/1996
4220,4219,1/7/1998
4222,4221,1/7/2000
4224,4223,1/6/2002
4226,4225,1/6/2004
4228,4227,1/5/2006
4230,4229,1/9/1990
4232,4231,1/9/1992
4234,4233,1/8/1994
4236,4235,1/8/1996
4238,4237,1/7/1998
4240,4239,1/7/2000
4242,4241,1/6/2002
4244,4243,1/6/2004
4246,4245,1/5/2006
4248,4247,1/9/1990
4250,4249,1/9/1992
4252,4251,1/8/1994
4254,4253,1/8/1996
4256,4255,1/7/1998
4258,4257,1/7/2000
4260,4259,1/6/2002
4262,4261,1/6/2004
4264,4263,1/5/2006
4266,4265,1/9/1990
4268,4267,1/9/1992
4270,4269,1/8/1994
4272,4271,1/8/1996
4274,4273,1/7/1998
4276,4275,1/7/2000
4278,4277,1/6/2002
4280,4279,1/6/2004
4282,4281,1/5/2006
4284,4283,1/9/1990
4286,4285,1/9/1992
4288,4287,1/8/1994
4290,4289,1/8/1996
4292,4291,1/7/1998
4294,4293,1/7/2000
4296,4295,1/6/2002
4298,4297,1/6/2004
4300,4299,1/5/2006
4302,4301,1/9/1990
4304,4303,1/9/1992
4306,4305,1/8/1994
4308,4307,1/8/1996
4310,4309,1/7/1998
4312,4311,1/7/2000
4314,4313,1/6/2002
4316,4315,1/6/2004
4318,4317,1/5/2006
4320,4319,1/9/1990
4322,4321,1/9/1992
4324,4323,1/8/1994
4326,4325,1/8/1996
4328,4327,1/7/1998
4330,4329,1/7/2000
4332,4331,1/6/2002
4334,4333,1/6/2004
4336,4335,1/5/2006
4338,4337,1/9/1990
4340,4339,1/9/1992
4342,4341,1/8/1994
4344,4343,1/8/1996
4346,4345,1/7/1998
4348,4347,1/7/2000
4350,4349,1/6/2002
4352,4351,1/6/2004
4354,4353,1/5/2006
4356,4355,1/9/1990
4358,4357,1/9/1992
4360,4359,1/8/1994
4362,4361,1/8/1996
4364,4363,1/7/1998
4366,4365,1/7/2000
4368,4367,1/6/2002
4370,4369,1/6/2004
4372,4371,1/5/2006
4374,4373,1/9/1990
4376,4375,1/9/1992
4378,4377,1/8/1994
4380,4379,1/8/1996
4382,4381,1/7/1998
4384,4383,1/7/2000
4386,4385,1/6/2002
4388,4387,1/6/2004
4390,4389,1/5/2006
4392,4391,1/9/1990
4394,4393,1/9/1992
4396,4395,1/8/1994
4398,4397,1/8/1996
4400,4399,1/7/1998
4402,4401,1/7/2000
4404,4403,1/6/2002
4406,4405,1/6/2004
4408,4407,1/5/2006
4410,4409,1/9/1990
4412,4411,1/9/1992
4414,4413,1/8/1994
4416,4415,1/8/1996
4418,4417,1/7/1998
4420,4419,1/7/2000
4422,4421,1/6/2002
4424,4423,1/6/2004
4426,4425,1/5/2006
4428,4427,1/9/1990
4430,4429,1/9/1992
4432,4431,1/8/1994
4434,4433,1/8/1996
4436,4435,1/7/1998
4438,4437,1/7/2000
4440,4439,1/6/2002
4442,4441,1/6/2004
4444,4443,1/5/2006
4446,4445,1/9/1990
4448,4447,1/9/1992
4450,4449,1/8/1994
4452,4451,1/8/1996
4454,4453,1/7/1998
4456,4455,1/7/2000
4458,4457,1/6/2002
4460,4459,1/6/2004
4462,4461,1/5/2006
4464,4463,1/9/1990
4466,4465,1/9/1992
4468,4467,1/8/1994
4470,4469,1/8/1996
4472,4471,1/7/1998
4474,4473,1/7/2000
4476,4475,1/6/2002
4478,4477,1/6/2004
4480,4479,1/5/2006
4482,4481,1/9/1990
4484,4483,1/9/1992
4486,4485,1/8/1994
4488,4487,1/8/1996
4490,4489,1/7/1998
4492,4491,1/7/2000
4494,4493,1/6/2002
4496,4495,1/6/2004
4498,4497,1/5/2006
4500,4499,1/9/1990
4502,4501,1/9/1992
4504,4503,1/8/1994
4506,4505,1/8/1996
4508,4507,1/7/1998
4510,4509,1/7/2000
4512,4511,1/6/2002
4514,4513,1/6/2004
4516,4515,1/5/2006
4518,4517,1/9/1990
4520,4519,1/9/1992
4522,4521,1/8/1994
4524,4523,1/8/1996
4526,4525,1/7/1998
4528,4527,1/7/2000
4530,4529,1/6/2002
4532,4531,1/6/2004
4534,4533,1/5/2006
4536,4535,1/9/1990
4538,4537,1/9/1992
4540,4539,1/8/1994
4542,4541,1/8/1996
4544,4543,1/7/1998
4546,4545,1/7/2000
4548,4547,1/6/2002
4550,4549,1/6/2004
4552,4551,1/5/2006
4554,4553,1/9/1990
4556,4555,1/9/1992
4558,4557,1/8/1994
4560,4559,1/8/1996
4562,4561,1/7/1998
4564,4563,1/7/2000
4566,4565,1/6/2002
4568,4567,1/6/2004
4570,4569,1/5/2006
4572,4571,1/9/1990
4574,4573,1/9/1992
4576,4575,1/8/1994
4578,4577,1/8/1996
4580,4579,1/7/1998
4582,4581,1/7/2000
4584,4583,1/6/2002
4586,4585,1/6/2004
4588,4587,1/5/2006
4590,4589,1/9/1990
4592,4591,1/9/1992
4594,4593,1/8/1994
4596,4595,1/8/1996
4598,4597,1/7/1998
4600,4599,1/7/2000
4602,4601,1/6/2002
4604,4603,1/6/2004
4606,4605,1/5/2006
4608,4607,1/9/1990
4610,4609,1/9/1992
4612,4611,1/8/1994
4614,4613,1/8/1996
4616,4615,1/7/1998
4618,4617,1/7/2000
4620,4619,1/6/2002
4622,4621,1/6/2004
4624,4623,1/5/2006
4626,4625,1/9/1990
4628,4627,1/9/1992
4630,4629,1/8/1994
4632,4631,1/8/1996
4634,4633,1/7/1998
4636,4635,1/7/2000
4638,4637,1/6/2002
4640,4639,1/6/2004
4642,4641,1/5/2006
4644,4643,1/9/1990
4646,4645,1/9/1992
4648,4647,1/8/1994
4650,4649,1/8/1996
4652,4651,1/7/1998
4654,4653,1/7/2000
4656,4655,1/6/2002
4658,4657,1/6/2004
4660,4659,1/5/2006
4662,4661,1/9/1990
4664,4663,1/9/1992
4666,4665,1/8/1994
4668,4667,1/8/1996
4670,4669,1/7/1998
4672,4671,1/7/2000
4674,4673,1/6/2002
4676,4675,1/6/2004
4678,4677,1/5/2006
4680,4679,1/9/1990
4682,4681,1/9/1992
4684,4683,1/8/1994
4686,4685,1/8/1996
4688,4687,1/7/1998
4690,4689,1/7/2000
4692,4691,1/6/2002
4694,4693,1/6/2004
4696,4695,1/5/2006
4698,4697,1/9/1990
4700,4699,1/9/1992
4702,4701,1/8/1994
4704,4703,1/8/1996
4706,4705,1/7/1998
4708,4707,1/7/2000
4710,4709,1/6/2002
4712,4711,1/6/2004
4714,4713,1/5/2006
4716,4715,1/9/1990
4718,4717,1/9/1992
4720,4719,1/8/1994
4722,4721,1/8/1996
4724,4723,1/7/1998
4726,4725,1/7/2000
4728,4727,1/6/2002
4730,4729,1/6/2004
4732,4731,1/5/2006
4734,4733,1/9/1990
4736,4735,1/9/1992
4738,4737,1/8/1994
4740,4739,1/8/1996
4742,4741,1/7/1998
4744,4743,1/7/2000
4746,4745,1/6/2002
4748,4747,1/6/2004
4750,4749,1/5/2006
4752,4751,1/9/1990
4754,4753,1/9/1992
4756,4755,1/8/1994
4758,4757,1/8/1996
4760,4759,1/7/1998
4762,4761,1/7/2000
4764,4763,1/6/2002
4766,4765,1/6/2004
4768,4767,1/5/2006
4770,4769,1/9/1990
4772,4771,1/9/1992
4774,4773,1/8/1994
4776,4775,1/8/1996
4778,4777,1/7/1998
4780,4779,1/7/2000
4782,4781,1/6/2002
4784,4783,1/6/2004
4786,4785,1/5/2006
4788,4787,1/9/1990
4790,4789,1/9/1992
4792,4791,1/8/1994
4794,4793,1/8/1996
4796,4795,1/7/1998
4798,4797,1/7/2000
4800,4799,1/6/2002
4802,4801,1/6/2004
4804,4803,1/5/2006
4806,4805,1/9/1990
4808,4807,1/9/1992
4810,4809,1/8/1994
4812,4811,1/8/1996
4814,4813,1/7/1998
4816,4815,1/7/2000
4818,4817,1/6/2002
4820,4819,1/6/2004
4822,4821,1/5/2006
4824,4823,1/9/1990
4826,4825,1/9/1992
4828,4827,1/8/1994
4830,4829,1/8/1996
4832,4831,1/7/1998
4834,4833,1/7/2000
4836,4835,1/6/2002
4838,4837,1/6/2004
4840,4839,1/5/2006
4842,4841,1/9/1990
4844,4843,1/9/1992
4846,4845,1/8/1994
4848,4847,1/8/1996
4850,4849,1/7/1998
4852,4851,1/7/2000
4854,4853,1/6/2002
4856,4855,1/6/2004
4858,4857,1/5/2006
4860,4859,1/9/1990
4862,4861,1/9/1992
4864,4863,1/8/1994
4866,4865,1/8/1996
4868,4867,1/7/1998
4870,4869,1/7/2000
4872,4871,1/6/2002
4874,4873,1/6/2004
4876,4875,1/5/2006
4878,4877,1/9/1990
4880,4879,1/9/1992
4882,4881,1/8/1994
4884,4883,1/8/1996
4886,4885,1/7/1998
4888,4887,1/7/2000
4890,4889,1/6/2002
4892,4891,1/6/2004
4894,4893,1/5/2006
4896,4895,1/9/1990
4898,4897,1/9/1992
4900,4899,1/8/1994
4902,4901,1/8/1996
4904,4903,1/7/1998
4906,4905,1/7/2000
4908,4907,1/6/2002
4910,4909,1/6/2004
4912,4911,1/5/2006
4914,4913,1/9/1990
4916,4915,1/9/1992
4918,4917,1/8/1994
4920,4919,1/8/1996
4922,4921,1/7/1998
4924,4923,1/7/2000
4926,4925,1/6/2002
4928,4927,1/6/2004
4930,4929,1/5/2006
4932,4931,1/9/1990
4934,4933,1/9/1992
4936,4935,1/8/1994
4938,4937,1/8/1996
4940,4939,1/7/1998
4942,4941,1/7/2000
4944,4943,1/6/2002
4946,4945,1/6/2004
4948,4947,1/5/2006
4950,4949,1/9/1990
4952,4951,1/9/1992
4954,4953,1/8/1994
4956,4955,1/8/1996
4958,4957,1/7/1998
4960,4959,1/7/2000
4962,4961,1/6/2002
4964,4963,1/6/2004
4966,4965,1/5/2006
4968,4967,1/9/1990
4970,4969,1/9/1992
4972,4971,1/8/1994
4974,4973,1/8/1996
4976,4975,1/7/1998
4978,4977,1/7/2000
4980,4979,1/6/2002
4982,4981,1/6/2004
4984,4983,1/5/2006
4986,4985,1/9/1990
4988,4987,1/9/1992
4990,4989,1/8/1994
4992,4991,1/8/1996
4994,4993,1/7/1998
4996,4995,1/7/2000
4998,4997,1/6/2002
5000,4999,1/6/2004
5002,5001,1/5/2006
5004,5003,1/9/1990
5006,5005,1/9/1992
5008,5007,1/8/1994
5010,5009,1/8/1996
5012,5011,1/7/1998
5014,5013,1/7/2000
5016,5015,1/6/2002
5018,5017,1/6/2004
5020,5019,1/5/2006
5022,5021,1/9/1990
5024,5023,1/9/1992
5026,5025,1/8/1994
5028,5027,1/8/1996
5030,5029,1/7/1998
5032,5031,1/7/2000
5034,5033,1/6/2002
5036,5035,1/6/2004
5038,5037,1/5/2006
5040,5039,1/9/1990
5042,5041,1/9/1992
5044,5043,1/8/1994
5046,5045,1/8/1996
5048,5047,1/7/1998
5050,5049,1/7/2000
5052,5051,1/6/2002
5054,5053,1/6/2004
5056,5055,1/5/2006
5058,5057,1/9/1990
5060,5059,1/9/1992
5062,5061,1/8/1994
5064,5063,1/8/1996
5066,5065,1/7/1998
5068,5067,1/7/2000
5070,5069,1/6/2002
5072,5071,1/6/2004
5074,5073,1/5/2006
5076,5075,1/9/1990
5078,5077,1/9/1992
5080,5079,1/8/1994
5082,5081,1/8/1996
5084,5083,1/7/1998
5086,5085,1/7/2000
5088,5087,1/6/2002
5090,5089,1/6/2004
5092,5091,1/5/2006
5094,5093,1/9/1990
5096,5095,1/9/1992
5098,5097,1/8/1994
5100,5099,1/8/1996
5102,5101,1/7/1998
5104,5103,1/7/2000
5106,5105,1/6/2002
5108,5107,1/6/2004
5110,5109,1/5/2006
5112,5111,1/9/1990
5114,5113,1/9/1992
5116,5115,1/8/1994
5118,5117,1/8/1996
5120,5119,1/7/1998
5122,5121,1/7/2000
5124,5123,1/6/2002
5126,5125,1/6/2004
5128,5127,1/5/2006
5130,5129,1/9/1990
5132,5131,1/9/1992
5134,5133,1/8/1994
5136,5135,1/8/1996
5138,5137,1/7/1998
5140,5139,1/7/2000
5142,5141,1/6/2002
5144,5143,1/6/2004
5146,5145,1/5/2006
5148,5147,1/9/1990
5150,5149,1/9/1992
5152,5151,1/8/1994
5154,5153,1/8/1996
5156,5155,1/7/1998
5158,5157,1/7/2000
5160,5159,1/6/2002
5162,5161,1/6/2004
5164,5163,1/5/2006
5166,5165,1/9/1990
5168,5167,1/9/1992
5170,5169,1/8/1994
5172,5171,1/8/1996
5174,5173,1/7/1998
5176,5175,1/7/2000
5178,5177,1/6/2002
5180,5179,1/6/2004
5182,5181,1/5/2006
5184,5183,1/9/1990
5186,5185,1/9/1992
5188,5187,1/8/1994
5190,5189,1/8/1996
5192,5191,1/7/1998
5194,5193,1/7/2000
5196,5195,1/6/2002
5198,5197,1/6/2004
5200,5199,1/5/2006
5202,5201,1/9/1990
5204,5203,1/9/1992
5206,5205,1/8/1994
5208,5207,1/8/1996
5210,5209,1/7/1998
5212,5211,1/7/2000
5214,5213,1/6/2002
5216,5215,1/6/2004
5218,5217,1/5/2006
5220,5219,1/9/1990
5222,5221,1/9/1992
5224,5223,1/8/1994
5226,5225,1/8/1996
5228,5227,1/7/1998
5230,5229,1/7/2000
5232,5231,1/6/2002
5234,5233,1/6/2004
5236,5235,1/5/2006
5238,5237,1/9/1990
5240,5239,1/9/1992
5242,5241,1/8/1994
5244,5243,1/8/1996
5246,5245,1/7/1998
5248,5247,1/7/2000
5250,5249,1/6/2002
5252,5251,1/6/2004
5254,5253,1/5/2006
5256,5255,1/9/1990
5258,5257,1/9/1992
5260,5259,1/8/1994
5262,5261,1/8/1996
5264,5263,1/7/1998
5266,5265,1/7/2000
5268,5267,1/6/2002
5270,5269,1/6/2004
5272,5271,1/5/2006
5274,5273,1/9/1990
5276,5275,1/9/1992
5278,5277,1/8/1994
5280,5279,1/8/1996
5282,5281,1/7/1998
5284,5283,1/7/2000
5286,5285,1/6/2002
5288,5287,1/6/2004
5290,5289,1/5/2006
5292,5291,1/9/1990
5294,5293,1/9/1992
5296,5295,1/8/1994
5298,5297,1/8/1996
5300,5299,1/7/1998
5302,5301,1/7/2000
5304,5303,1/6/2002
5306,5305,1/6/2004
5308,5307,1/5/2006
5310,5309,1/9/1990
5312,5311,1/9/1992
5314,5313,1/8/1994
5316,5315,1/8/1996
5318,5317,1/7/1998
5320,5319,1/7/2000
5322,5321,1/6/2002
5324,5323,1/6/2004
5326,5325,1/5/2006
5328,5327,1/9/1990
5330,5329,1/9/1992
5332,5331,1/8/1994
5334,5333,1/8/1996
5336,5335,1/7/1998
5338,5337,1/7/2000
5340,5339,1/6/2002
5342,5341,1/6/2004
5344,5343,1/5/2006
5346,5345,1/9/1990
5348,5347,1/9/1992
5350,5349,1/8/1994
5352,5351,1/8/1996
5354,5353,1/7/1998
5356,5355,1/7/2000
5358,5357,1/6/2002
5360,5359,1/6/2004
5362,5361,1/5/2006
5364,5363,1/9/1990
5366,5365,1/9/1992
5368,5367,1/8/1994
5370,5369,1/8/1996
5372,5371,1/7/1998
5374,5373,1/7/2000
5376,5375,1/6/2002
5378,5377,1/6/2004
5380,5379,1/5/2006
5382,5381,1/9/1990
5384,5383,1/9/1992
5386,5385,1/8/1994
5388,5387,1/8/1996
5390,5389,1/7/1998
5392,5391,1/7/2000
5394,5393,1/6/2002
5396,5395,1/6/2004
5398,5397,1/5/2006
5400,5399,1/9/1990
5402,5401,1/9/1992
5404,5403,1/8/1994
5406,5405,1/8/1996
5408,5407,1/7/1998
5410,5409,1/7/2000
5412,5411,1/6/2002
5414,5413,1/6/2004
5416,5415,1/5/2006
5418,5417,1/9/1990
5420,5419,1/9/1992
5422,5421,1/8/1994
5424,5423,1/8/1996
5426,5425,1/7/1998
5428,5427,1/7/2000
5430,5429,1/6/2002
5432,5431,1/6/2004
5434,5433,1/5/2006
5436,5435,1/9/1990
5438,5437,1/9/1992
5440,5439,1/8/1994
5442,5441,1/8/1996
5444,5443,1/7/1998
5446,5445,1/7/2000
5448,5447,1/6/2002
5450,5449,1/6/2004
5452,5451,1/5/2006
5454,5453,1/9/1990
5456,5455,1/9/1992
5458,5457,1/8/1994
5460,5459,1/8/1996
5462,5461,1/7/1998
5464,5463,1/7/2000
5466,5465,1/6/2002
5468,5467,1/6/2004
5470,5469,1/5/2006
5472,5471,1/9/1990
5474,5473,1/9/1992
5476,5475,1/8/1994
5478,5477,1/8/1996
5480,5479,1/7/1998
5482,5481,1/7/2000
5484,5483,1/6/2002
5486,5485,1/6/2004
5488,5487,1/5/2006
5490,5489,1/9/1990
5492,5491,1/9/1992
5494,5493,1/8/1994
5496,5495,1/8/1996
5498,5497,1/7/1998
5500,5499,1/7/2000
5502,5501,1/6/2002
5504,5503,1/6/2004
5506,5505,1/5/2006
5508,5507,1/9/1990
5510,5509,1/9/1992
5512,5511,1/8/1994
5514,5513,1/8/1996
5516,5515,1/7/1998
5518,5517,1/7/2000
5520,5519,1/6/2002
5522,5521,1/6/2004
5524,5523,1/5/2006
5526,5525,1/9/1990
5528,5527,1/9/1992
5530,5529,1/8/1994
5532,5531,1/8/1996
5534,5533,1/7/1998
5536,5535,1/7/2000
5538,5537,1/6/2002
5540,5539,1/6/2004
5542,5541,1/5/2006
5544,5543,1/9/1990
5546,5545,1/9/1992
5548,5547,1/8/1994
5550,5549,1/8/1996
5552,5551,1/7/1998
5554,5553,1/7/2000
5556,5555,1/6/2002
5558,5557,1/6/2004
5560,5559,1/5/2006
5562,5561,1/9/1990
5564,5563,1/9/1992
5566,5565,1/8/1994
5568,5567,1/8/1996
5570,5569,1/7/1998
5572,5571,1/7/2000
5574,5573,1/6/2002
5576,5575,1/6/2004
5578,5577,1/5/2006
5580,5579,1/9/1990
5582,5581,1/9/1992
5584,5583,1/8/1994
5586,5585,1/8/1996
5588,5587,1/7/1998
5590,5589,1/7/2000
5592,5591,1/6/2002
5594,5593,1/6/2004
5596,5595,1/5/2006
5598,5597,1/9/1990
5600,5599,1/9/1992
5602,5601,1/8/1994
5604,5603,1/8/1996
5606,5605,1/7/1998
5608,5607,1/7/2000
5610,5609,1/6/2002
5612,5611,1/6/2004
5614,5613,1/5/2006
5616,5615,1/9/1990
5618,5617,1/9/1992
5620,5619,1/8/1994
5622,5621,1/8/1996
5624,5623,1/7/1998
5626,5625,1/7/2000
5628,5627,1/6/2002
5630,5629,1/6/2004
5632,5631,1/5/2006
5634,5633,1/9/1990
5636,5635,1/9/1992
5638,5637,1/8/1994
5640,5639,1/8/1996
5642,5641,1/7/1998
5644,5643,1/7/2000
5646,5645,1/6/2002
5648,5647,1/6/2004
5650,5649,1/5/2006
5652,5651,1/9/1990
5654,5653,1/9/1992
5656,5655,1/8/1994
5658,5657,1/8/1996
5660,5659,1/7/1998
5662,5661,1/7/2000
5664,5663,1/6/2002
5666,5665,1/6/2004
5668,5667,1/5/2006
5670,5669,1/9/1990
5672,5671,1/9/1992
5674,5673,1/8/1994
5676,5675,1/8/1996
5678,5677,1/7/1998
5680,5679,1/7/2000
5682,5681,1/6/2002
5684,5683,1/6/2004
5686,5685,1/5/2006
5688,5687,1/9/1990
5690,5689,1/9/1992
5692,5691,1/8/1994
5694,5693,1/8/1996
5696,5695,1/7/1998
5698,5697,1/7/2000
5700,5699,1/6/2002
5702,5701,1/6/2004
5704,5703,1/5/2006
5706,5705,1/9/1990
5708,5707,1/9/1992
5710,5709,1/8/1994
5712,5711,1/8/1996
5714,5713,1/7/1998
5716,5715,1/7/2000
5718,5717,1/6/2002
5720,5719,1/6/2004
5722,5721,1/5/2006
5724,5723,1/9/1990
5726,5725,1/9/1992
5728,5727,1/8/1994
5730,5729,1/8/1996
5732,5731,1/7/1998
5734,5733,1/7/2000
5736,5735,1/6/2002
5738,5737,1/6/2004
5740,5739,1/5/2006
5742,5741,1/9/1990
5744,5743,1/9/1992
5746,5745,1/8/1994
5748,5747,1/8/1996
5750,5749,1/7/1998
5752,5751,1/7/2000
5754,5753,1/6/2002
5756,5755,1/6/2004
5758,5757,1/5/2006
5760,5759,1/9/1990
5762,5761,1/9/1992
5764,5763,1/8/1994
5766,5765,1/8/1996
5768,5767,1/7/1998
5770,5769,1/7/2000
5772,5771,1/6/2002
5774,5773,1/6/2004
5776,5775,1/5/2006
5778,5777,1/9/1990
5780,5779,1/9/1992
5782,5781,1/8/1994
5784,5783,1/8/1996
5786,5785,1/7/1998
5788,5787,1/7/2000
5790,5789,1/6/2002
5792,5791,1/6/2004
5794,5793,1/5/2006
5796,5795,1/9/1990
5798,5797,1/9/1992
5800,5799,1/8/1994
5802,5801,1/8/1996
5804,5803,1/7/1998
5806,5805,1/7/2000
5808,5807,1/6/2002
5810,5809,1/6/2004
5812,5811,1/5/2006
5814,5813,1/9/1990
5816,5815,1/9/1992
5818,5817,1/8/1994
5820,5819,1/8/1996
5822,5821,1/7/1998
5824,5823,1/7/2000
5826,5825,1/6/2002
5828,5827,1/6/2004
5830,5829,1/5/2006
5832,5831,1/9/1990
5834,5833,1/9/1992
5836,5835,1/8/1994
5838,5837,1/8/1996
5840,5839,1/7/1998
5842,5841,1/7/2000
5844,5843,1/6/2002
5846,5845,1/6/2004
5848,5847,1/5/2006
5850,5849,1/9/1990
5852,5851,1/9/1992
5854,5853,1/8/1994
5856,5855,1/8/1996
5858,5857,1/7/1998
5860,5859,1/7/2000
5862,5861,1/6/2002
5864,5863,1/6/2004
5866,5865,1/5/2006
5868,5867,1/9/1990
5870,5869,1/9/1992
5872,5871,1/8/1994
5874,5873,1/8/1996
5876,5875,1/7/1998
5878,5877,1/7/2000
5880,5879,1/6/2002
5882,5881,1/6/2004
5884,5883,1/5/2006
5886,5885,1/9/1990
5888,5887,1/9/1992
5890,5889,1/8/1994
5892,5891,1/8/1996
5894,5893,1/7/1998
5896,5895,1/7/2000
5898,5897,1/6/2002
5900,5899,1/6/2004
5902,5901,1/5/2006
5904,5903,1/9/1990
5906,5905,1/9/1992
5908,5907,1/8/1994
5910,5909,1/8/1996
5912,5911,1/7/1998
5914,5913,1/7/2000
5916,5915,1/6/2002
5918,5917,1/6/2004
5920,5919,1/5/2006
5922,5921,1/9/1990
5924,5923,1/9/1992
5926,5925,1/8/1994
5928,5927,1/8/1996
5930,5929,1/7/1998
5932,5931,1/7/2000
5934,5933,1/6/2002
5936,5935,1/6/2004
5938,5937,1/5/2006
5940,5939,1/9/1990
5942,5941,1/9/1992
5944,5943,1/8/1994
5946,5945,1/8/1996
5948,5947,1/7/1998
5950,5949,1/7/2000
5952,5951,1/6/2002
5954,5953,1/6/2004
5956,5955,1/5/2006
5958,5957,1/9/1990
5960,5959,1/9/1992
5962,5961,1/8/1994
5964,5963,1/8/1996
5966,5965,1/7/1998
5968,5967,1/7/2000
5970,5969,1/6/2002
5972,5971,1/6/2004
5974,5973,1/5/2006
5976,5975,1/9/1990
5978,5977,1/9/1992
5980,5979,1/8/1994
5982,5981,1/8/1996
5984,5983,1/7/1998
5986,5985,1/7/2000
5988,5987,1/6/2002
5990,5989,1/6/2004
5992,5991,1/5/2006
5994,5993,1/9/1990
5996,5995,1/9/1992
5998,5997,1/8/1994
6000,5999,1/8/1996
6002,6001,1/7/1998
6004,6003,1/7/2000
6006,6005,1/6/2002
6008,6007,1/6/2004
6010,6009,1/5/2006
6012,6011,1/9/1990
6014,6013,1/9/1992
6016,6015,1/8/1994
6018,6017,1/8/1996
6020,6019,1/7/1998
6022,6021,1/7/2000
6024,6023,1/6/2002
6026,6025,1/6/2004
6028,6027,1/5/2006
6030,6029,1/9/1990
6032,6031,1/9/1992
6034,6033,1/8/1994
6036,6035,1/8/1996
6038,6037,1/7/1998
6040,6039,1/7/2000
6042,6041,1/6/2002
6044,6043,1/6/2004
6046,6045,1/5/2006
6048,6047,1/9/1990
6050,6049,1/9/1992
6052,6051,1/8/1994
6054,6053,1/8/1996
6056,6055,1/7/1998
6058,6057,1/7/2000
6060,6059,1/6/2002
6062,6061,1/6/2004
6064,6063,1/5/2006
6066,6065,1/9/1990
6068,6067,1/9/1992
6070,6069,1/8/1994
6072,6071,1/8/1996
6074,6073,1/7/1998
6076,6075,1/7/2000
6078,6077,1/6/2002
6080,6079,1/6/2004
6082,6081,1/5/2006
6084,6083,1/9/1990
6086,6085,1/9/1992
6088,6087,1/8/1994
6090,6089,1/8/1996
6092,6091,1/7/1998
6094,6093,1/7/2000
6096,6095,1/6/2002
6098,6097,1/6/2004
6100,6099,1/5/2006
6102,6101,1/9/1990
6104,6103,1/9/1992
6106,6105,1/8/1994
6108,6107,1/8/1996
6110,6109,1/7/1998
6112,6111,1/7/2000
6114,6113,1/6/2002
6116,6115,1/6/2004
6118,6117,1/5/2006
6120,6119,1/9/1990
6122,6121,1/9/1992
6124,6123,1/8/1994
6126,6125,1/8/1996
6128,6127,1/7/1998
6130,6129,1/7/2000
6132,6131,1/6/2002
6134,6133,1/6/2004
6136,6135,1/5/2006
6138,6137,1/9/1990
6140,6139,1/9/1992
6142,6141,1/8/1994
6144,6143,1/8/1996
6146,6145,1/7/1998
6148,6147,1/7/2000
6150,6149,1/6/2002
6152,6151,1/6/2004
6154,6153,1/5/2006
6156,6155,1/9/1990
6158,6157,1/9/1992
6160,6159,1/8/1994
6162,6161,1/8/1996
6164,6163,1/7/1998
6166,6165,1/7/2000
6168,6167,1/6/2002
6170,6169,1/6/2004
6172,6171,1/5/2006
6174,6173,1/9/1990
6176,6175,1/9/1992
6178,6177,1/8/1994
6180,6179,1/8/1996
6182,6181,1/7/1998
6184,6183,1/7/2000
6186,6185,1/6/2002
6188,6187,1/6/2004
6190,6189,1/5/2006
6192,6191,1/9/1990
6194,6193,1/9/1992
6196,6195,1/8/1994
6198,6197,1/8/1996
6200,6199,1/7/1998
6202,6201,1/7/2000
6204,6203,1/6/2002
6206,6205,1/6/2004
6208,6207,1/5/2006
6210,6209,1/9/1990
6212,6211,1/9/1992
6214,6213,1/8/1994
6216,6215,1/8/1996
6218,6217,1/7/1998
6220,6219,1/7/2000
6222,6221,1/6/2002
6224,6223,1/6/2004
6226,6225,1/5/2006
6228,6227,1/9/1990
6230,6229,1/9/1992
6232,6231,1/8/1994
6234,6233,1/8/1996
6236,6235,1/7/1998
6238,6237,1/7/2000
6240,6239,1/6/2002
6242,6241,1/6/2004
6244,6243,1/5/2006
6246,6245,1/9/1990
6248,6247,1/9/1992
6250,6249,1/8/1994
6252,6251,1/8/1996
6254,6253,1/7/1998
6256,6255,1/7/2000
6258,6257,1/6/2002
6260,6259,1/6/2004
6262,6261,1/5/2006
6264,6263,1/9/1990
6266,6265,1/9/1992
6268,6267,1/8/1994
6270,6269,1/8/1996
6272,6271,1/7/1998
6274,6273,1/7/2000
6276,6275,1/6/2002
6278,6277,1/6/2004
6280,6279,1/5/2006
6282,6281,1/9/1990
6284,6283,1/9/1992
6286,6285,1/8/1994
6288,6287,1/8/1996
6290,6289,1/7/1998
6292,6291,1/7/2000
6294,6293,1/6/2002
6296,6295,1/6/2004
6298,6297,1/5/2006
6300,6299,1/9/1990
6302,6301,1/9/1992
6304,6303,1/8/1994
6306,6305,1/8/1996
6308,6307,1/7/1998
6310,6309,1/7/2000
6312,6311,1/6/2002
6314,6313,1/6/2004
6316,6315,1/5/2006
6318,6317,1/9/1990
6320,6319,1/9/1992
6322,6321,1/8/1994
6324,6323,1/8/1996
6326,6325,1/7/1998
6328,6327,1/7/2000
6330,6329,1/6/2002
6332,6331,1/6/2004
6334,6333,1/5/2006
6336,6335,1/9/1990
6338,6337,1/9/1992
6340,6339,1/8/1994
6342,6341,1/8/1996
6344,6343,1/7/1998
6346,6345,1/7/2000
6348,6347,1/6/2002
6350,6349,1/6/2004
6352,6351,1/5/2006
6354,6353,1/9/1990
6356,6355,1/9/1992
6358,6357,1/8/1994
6360,6359,1/8/1996
6362,6361,1/7/1998
6364,6363,1/7/2000
6366,6365,1/6/2002
6368,6367,1/6/2004
6370,6369,1/5/2006
6372,6371,1/9/1990
6374,6373,1/9/1992
6376,6375,1/8/1994
6378,6377,1/8/1996
6380,6379,1/7/1998
6382,6381,1/7/2000
6384,6383,1/6/2002
6386,6385,1/6/2004
6388,6387,1/5/2006
6390,6389,1/9/1990
6392,6391,1/9/1992
6394,6393,1/8/1994
6396,6395,1/8/1996
6398,6397,1/7/1998
6400,6399,1/7/2000
6402,6401,1/6/2002
6404,6403,1/6/2004
6406,6405,1/5/2006
6408,6407,1/9/1990
6410,6409,1/9/1992
6412,6411,1/8/1994
6414,6413,1/8/1996
6416,6415,1/7/1998
6418,6417,1/7/2000
6420,6419,1/6/2002
6422,6421,1/6/2004
6424,6423,1/5/2006
6426,6425,1/9/1990
6428,6427,1/9/1992
6430,6429,1/8/1994
6432,6431,1/8/1996
6434,6433,1/7/1998
6436,6435,1/7/2000
6438,6437,1/6/2002
6440,6439,1/6/2004
6442,6441,1/5/2006
6444,6443,1/9/1990
6446,6445,1/9/1992
6448,6447,1/8/1994
6450,6449,1/8/1996
6452,6451,1/7/1998
6454,6453,1/7/2000
6456,6455,1/6/2002
6458,6457,1/6/2004
6460,6459,1/5/2006
6462,6461,1/9/1990
6464,6463,1/9/1992
6466,6465,1/8/1994
6468,6467,1/8/1996
6470,6469,1/7/1998
6472,6471,1/7/2000
6474,6473,1/6/2002
6476,6475,1/6/2004
6478,6477,1/5/2006
6480,6479,1/9/1990
6482,6481,1/9/1992
6484,6483,1/8/1994
6486,6485,1/8/1996
6488,6487,1/7/1998
6490,6489,1/7/2000
6492,6491,1/6/2002
6494,6493,1/6/2004
6496,6495,1/5/2006
6498,6497,1/9/1990
6500,6499,1/9/1992
6502,6501,1/8/1994
6504,6503,1/8/1996
6506,6505,1/7/1998
6508,6507,1/7/2000
6510,6509,1/6/2002
6512,6511,1/6/2004
6514,6513,1/5/2006
6516,6515,1/9/1990
6518,6517,1/9/1992
6520,6519,1/8/1994
6522,6521,1/8/1996
6524,6523,1/7/1998
6526,6525,1/7/2000
6528,6527,1/6/2002
6530,6529,1/6/2004
6532,6531,1/5/2006
6534,6533,1/9/1990
6536,6535,1/9/1992
6538,6537,1/8/1994
6540,6539,1/8/1996
6542,6541,1/7/1998
6544,6543,1/7/2000
6546,6545,1/6/2002
6548,6547,1/6/2004
6550,6549,1/5/2006
6552,6551,1/9/1990
6554,6553,1/9/1992
6556,6555,1/8/1994
6558,6557,1/8/1996
6560,6559,1/7/1998
6562,6561,1/7/2000
6564,6563,1/6/2002
6566,6565,1/6/2004
6568,6567,1/5/2006
6570,6569,1/9/1990
6572,6571,1/9/1992
6574,6573,1/8/1994
6576,6575,1/8/1996
6578,6577,1/7/1998
6580,6579,1/7/2000
6582,6581,1/6/2002
6584,6583,1/6/2004
6586,6585,1/5/2006
6588,6587,1/9/1990
6590,6589,1/9/1992
6592,6591,1/8/1994
6594,6593,1/8/1996
6596,6595,1/7/1998
6598,6597,1/7/2000
6600,6599,1/6/2002
6602,6601,1/6/2004
6604,6603,1/5/2006
6606,6605,1/9/1990
6608,6607,1/9/1992
6610,6609,1/8/1994
6612,6611,1/8/1996
6614,6613,1/7/1998
6616,6615,1/7/2000
6618,6617,1/6/2002
6620,6619,1/6/2004
6622,6621,1/5/2006
6624,6623,1/9/1990
6626,6625,1/9/1992
6628,6627,1/8/1994
6630,6629,1/8/1996
6632,6631,1/7/1998
6634,6633,1/7/2000
6636,6635,1/6/2002
6638,6637,1/6/2004
6640,6639,1/5/2006
6642,6641,1/9/1990
6644,6643,1/9/1992
6646,6645,1/8/1994
6648,6647,1/8/1996
6650,6649,1/7/1998
6652,6651,1/7/2000
6654,6653,1/6/2002
6656,6655,1/6/2004
6658,6657,1/5/2006
6660,6659,1/9/1990
6662,6661,1/9/1992
6664,6663,1/8/1994
6666,6665,1/8/1996
6668,6667,1/7/1998
6670,6669,1/7/2000
6672,6671,1/6/2002
6674,6673,1/6/2004
6676,6675,1/5/2006
6678,6677,1/9/1990
6680,6679,1/9/1992
6682,6681,1/8/1994
6684,6683,1/8/1996
6686,6685,1/7/1998
6688,6687,1/7/2000
6690,6689,1/6/2002
6692,6691,1/6/2004
6694,6693,1/5/2006
6696,6695,1/9/1990
6698,6697,1/9/1992
6700,6699,1/8/1994
6702,6701,1/8/1996
6704,6703,1/7/1998
6706,6705,1/7/2000
6708,6707,1/6/2002
6710,6709,1/6/2004
6712,6711,1/5/2006
6714,6713,1/9/1990
6716,6715,1/9/1992
6718,6717,1/8/1994
6720,6719,1/8/1996
6722,6721,1/7/1998
6724,6723,1/7/2000
6726,6725,1/6/2002
6728,6727,1/6/2004
6730,6729,1/5/2006
6732,6731,1/9/1990
6734,6733,1/9/1992
6736,6735,1/8/1994
6738,6737,1/8/1996
6740,6739,1/7/1998
6742,6741,1/7/2000
6744,6743,1/6/2002
6746,6745,1/6/2004
6748,6747,1/5/2006
6750,6749,1/9/1990
6752,6751,1/9/1992
6754,6753,1/8/1994
6756,6755,1/8/1996
6758,6757,1/7/1998
6760,6759,1/7/2000
6762,6761,1/6/2002
6764,6763,1/6/2004
6766,6765,1/5/2006
6768,6767,1/9/1990
6770,6769,1/9/1992
6772,6771,1/8/1994
6774,6773,1/8/1996
6776,6775,1/7/1998
6778,6777,1/7/2000
6780,6779,1/6/2002
6782,6781,1/6/2004
6784,6783,1/5/2006
6786,6785,1/9/1990
6788,6787,1/9/1992
6790,6789,1/8/1994
6792,6791,1/8/1996
6794,6793,1/7/1998
6796,6795,1/7/2000
6798,6797,1/6/2002
6800,6799,1/6/2004
6802,6801,1/5/2006
6804,6803,1/9/1990
6806,6805,1/9/1992
6808,6807,1/8/1994
6810,6809,1/8/1996
6812,6811,1/7/1998
6814,6813,1/7/2000
6816,6815,1/6/2002
6818,6817,1/6/2004
6820,6819,1/5/2006
6822,6821,1/9/1990
6824,6823,1/9/1992
6826,6825,1/8/1994
6828,6827,1/8/1996
6830,6829,1/7/1998
6832,6831,1/7/2000
6834,6833,1/6/2002
6836,6835,1/6/2004
6838,6837,1/5/2006
6840,6839,1/9/1990
6842,6841,1/9/1992
6844,6843,1/8/1994
6846,6845,1/8/1996
6848,6847,1/7/1998
6850,6849,1/7/2000
6852,6851,1/6/2002
6854,6853,1/6/2004
6856,6855,1/5/2006
6858,6857,1/9/1990
6860,6859,1/9/1992
6862,6861,1/8/1994
6864,6863,1/8/1996
6866,6865,1/7/1998
6868,6867,1/7/2000
6870,6869,1/6/2002
6872,6871,1/6/2004
6874,6873,1/5/2006
6876,6875,1/9/1990
6878,6877,1/9/1992
6880,6879,1/8/1994
6882,6881,1/8/1996
6884,6883,1/7/1998
6886,6885,1/7/2000
6888,6887,1/6/2002
6890,6889,1/6/2004
6892,6891,1/5/2006
6894,6893,1/9/1990
6896,6895,1/9/1992
6898,6897,1/8/1994
6900,6899,1/8/1996
6902,6901,1/7/1998
6904,6903,1/7/2000
6906,6905,1/6/2002
6908,6907,1/6/2004
6910,6909,1/5/2006
6912,6911,1/9/1990
6914,6913,1/9/1992
6916,6915,1/8/1994
6918,6917,1/8/1996
6920,6919,1/7/1998
6922,6921,1/7/2000
6924,6923,1/6/2002
6926,6925,1/6/2004
6928,6927,1/5/2006
6930,6929,1/9/1990
6932,6931,1/9/1992
6934,6933,1/8/1994
6936,6935,1/8/1996
6938,6937,1/7/1998
6940,6939,1/7/2000
6942,6941,1/6/2002
6944,6943,1/6/2004
6946,6945,1/5/2006
6948,6947,1/9/1990
6950,6949,1/9/1992
6952,6951,1/8/1994
6954,6953,1/8/1996
6956,6955,1/7/1998
6958,6957,1/7/2000
6960,6959,1/6/2002
6962,6961,1/6/2004
6964,6963,1/5/2006
6966,6965,1/9/1990
6968,6967,1/9/1992
6970,6969,1/8/1994
6972,6971,1/8/1996
6974,6973,1/7/1998
6976,6975,1/7/2000
6978,6977,1/6/2002
6980,6979,1/6/2004
6982,6981,1/5/2006
6984,6983,1/9/1990
6986,6985,1/9/1992
6988,6987,1/8/1994
6990,6989,1/8/1996
6992,6991,1/7/1998
6994,6993,1/7/2000
6996,6995,1/6/2002
6998,6997,1/6/2004
7000,6999,1/5/2006
7002,7001,1/9/1990
7004,7003,1/9/1992
7006,7005,1/8/1994
7008,7007,1/8/1996
7010,7009,1/7/1998
7012,7011,1/7/2000
7014,7013,1/6/2002
7016,7015,1/6/2004
7018,7017,1/5/2006
7020,7019,1/9/1990
7022,7021,1/9/1992
7024,7023,1/8/1994
7026,7025,1/8/1996
7028,7027,1/7/1998
7030,7029,1/7/2000
7032,7031,1/6/2002
7034,7033,1/6/2004
7036,7035,1/5/2006
7038,7037,1/9/1990
7040,7039,1/9/1992
7042,7041,1/8/1994
7044,7043,1/8/1996
7046,7045,1/7/1998
7048,7047,1/7/2000
7050,7049,1/6/2002
7052,7051,1/6/2004
7054,7053,1/5/2006
7056,7055,1/9/1990
7058,7057,1/9/1992
7060,7059,1/8/1994
7062,7061,1/8/1996
7064,7063,1/7/1998
7066,7065,1/7/2000
7068,7067,1/6/2002
7070,7069,1/6/2004
7072,7071,1/5/2006
7074,7073,1/9/1990
7076,7075,1/9/1992
7078,7077,1/8/1994
7080,7079,1/8/1996
7082,7081,1/7/1998
7084,7083,1/7/2000
7086,7085,1/6/2002
7088,7087,1/6/2004
7090,7089,1/5/2006
7092,7091,1/9/1990
7094,7093,1/9/1992
7096,7095,1/8/1994
7098,7097,1/8/1996
7100,7099,1/7/1998
7102,7101,1/7/2000
7104,7103,1/6/2002
7106,7105,1/6/2004
7108,7107,1/5/2006
7110,7109,1/9/1990
7112,7111,1/9/1992
7114,7113,1/8/1994
7116,7115,1/8/1996
7118,7117,1/7/1998
7120,7119,1/7/2000
7122,7121,1/6/2002
7124,7123,1/6/2004
7126,1,1/5/2006
7128,3,1/9/1990
7130,5,1/9/1992
7132,7,1/8/1994
7134,9,1/8/1996
7136,11,1/7/1998
7138,13,1/7/2000
7140,15,1/6/2002
7142,17,1/6/2004
7144,19,1/5/2006
7146,21,1/9/1990
7148,23,1/9/1992
7150,25,1/8/1994
7152,27,1/8/1996
7154,29,1/7/1998
7156,31,1/7/2000
7158,33,1/6/2002
7160,35,1/6/2004
7162,37,1/5/2006
7164,39,1/9/1990
7166,41,1/9/1992
7168,43,1/8/1994
7170,45,1/8/1996
7172,47,1/7/1998
7174,49,1/7/2000
7176,51,1/6/2002
7178,53,1/6/2004
7180,55,1/5/2006
7182,57,1/9/1990
7184,59,1/9/1992
7186,61,1/8/1994
7188,63,1/8/1996
7190,65,1/7/1998
7192,67,1/7/2000
7194,69,1/6/2002
7196,71,1/6/2004
7198,73,1/5/2006
7200,75,1/9/1990
7202,77,1/9/1992
7204,79,1/8/1994
7206,81,1/8/1996
7208,83,1/7/1998
7210,85,1/7/2000
7212,87,1/6/2002
7214,89,1/6/2004
7216,91,1/5/2006
7218,93,1/9/1990
7220,95,1/9/1992
7222,97,1/8/1994
7224,99,1/8/1996
7226,101,1/7/1998
7228,103,1/7/2000
7230,105,1/6/2002
7232,107,1/6/2004
7234,109,1/5/2006
7236,111,1/9/1990
7238,113,1/9/1992
7240,115,1/8/1994
7242,117,1/8/1996
7244,119,1/7/1998
7246,121,1/7/2000
7248,123,1/6/2002
7250,125,1/6/2004
7252,127,1/5/2006
7254,129,1/9/1990
7256,131,1/9/1992
7258,133,1/8/1994
7260,135,1/8/1996
7262,137,1/7/1998
7264,139,1/7/2000
7266,141,1/6/2002
7268,143,1/6/2004
7270,145,1/5/2006
7272,147,1/9/1990
7274,149,1/9/1992
7276,151,1/8/1994
7278,153,1/8/1996
7280,155,1/7/1998
7282,157,1/7/2000
7284,159,1/6/2002
7286,161,1/6/2004
7288,163,1/5/2006
7290,165,1/9/1990
7292,167,1/9/1992
7294,169,1/8/1994
7296,171,1/8/1996
7298,173,1/7/1998
7300,175,1/7/2000
7302,177,1/6/2002
7304,179,1/6/2004
7306,181,1/5/2006
7308,183,1/9/1990
7310,185,1/9/1992
7312,187,1/8/1994
7314,189,1/8/1996
7316,191,1/7/1998
7318,193,1/7/2000
7320,195,1/6/2002
7322,197,1/6/2004
7324,199,1/5/2006
7326,201,1/9/1990
7328,203,1/9/1992
7330,205,1/8/1994
7332,207,1/8/1996
7334,209,1/7/1998
7336,211,1/7/2000
7338,213,1/6/2002
7340,215,1/6/2004
7342,217,1/5/2006
7344,219,1/9/1990
7346,221,1/9/1992
7348,223,1/8/1994
7350,225,1/8/1996
7352,227,1/7/1998
7354,229,1/7/2000
7356,231,1/6/2002
7358,233,1/6/2004
7360,235,1/5/2006
7362,237,1/9/1990
7364,239,1/9/1992
7366,241,1/8/1994
7368,243,1/8/1996
7370,245,1/7/1998
7372,247,1/7/2000
7374,249,1/6/2002
7376,251,1/6/2004
7378,253,1/5/2006
7380,255,1/9/1990
7382,257,1/9/1992
7384,259,1/8/1994
7386,261,1/8/1996
7388,263,1/7/1998
7390,265,1/7/2000
7392,267,1/6/2002
7394,269,1/6/2004
7396,271,1/5/2006
7398,273,1/9/1990
7400,275,1/9/1992
7402,277,1/8/1994
7404,279,1/8/1996
7406,281,1/7/1998
7408,283,1/7/2000
7410,285,1/6/2002
7412,287,1/6/2004
7414,289,1/5/2006
7416,291,1/9/1990
7418,293,1/9/1992
7420,295,1/8/1994
7422,297,1/8/1996
7424,299,1/7/1998
7426,301,1/7/2000
7428,303,1/6/2002
7430,305,1/6/2004
7432,307,1/5/2006
7434,309,1/9/1990
7436,311,1/9/1992
7438,313,1/8/1994
7440,315,1/8/1996
7442,317,1/7/1998
7444,319,1/7/2000
7446,321,1/6/2002
7448,323,1/6/2004
7450,325,1/5/2006
7452,327,1/9/1990
7454,329,1/9/1992
7456,331,1/8/1994
7458,333,1/8/1996
7460,335,1/7/1998
7462,337,1/7/2000
7464,339,1/6/2002
7466,341,1/6/2004
7468,343,1/5/2006
7470,345,1/9/1990
7472,347,1/9/1992
7474,349,1/8/1994
7476,351,1/8/1996
7478,353,1/7/1998
7480,355,1/7/2000
7482,357,1/6/2002
7484,359,1/6/2004
7486,361,1/5/2006
7488,363,1/9/1990
7490,365,1/9/1992
7492,367,1/8/1994
7494,369,1/8/1996
7496,371,1/7/1998
7498,373,1/7/2000
7500,375,1/6/2002
7502,377,1/6/2004
7504,379,1/5/2006
7506,381,1/9/1990
7508,383,1/9/1992
7510,385,1/8/1994
7512,387,1/8/1996
7514,389,1/7/1998
7516,391,1/7/2000
7518,393,1/6/2002
7520,395,1/6/2004
7522,397,1/5/2006
7524,399,1/9/1990
7526,401,1/9/1992
7528,403,1/8/1994
7530,405,1/8/1996
7532,407,1/7/1998
7534,409,1/7/2000
7536,411,1/6/2002
7538,413,1/6/2004
7540,415,1/5/2006
7542,417,1/9/1990
7544,419,1/9/1992
7546,421,1/8/1994
7548,423,1/8/1996
7550,425,1/7/1998
7552,427,1/7/2000
7554,429,1/6/2002
7556,431,1/6/2004
7558,433,1/5/2006
7560,435,1/9/1990
7562,437,1/9/1992
7564,439,1/8/1994
7566,441,1/8/1996
7568,443,1/7/1998
7570,445,1/7/2000
7572,447,1/6/2002
7574,449,1/6/2004
7576,451,1/5/2006
7578,453,1/9/1990
7580,455,1/9/1992
7582,457,1/8/1994
7584,459,1/8/1996
7586,461,1/7/1998
7588,463,1/7/2000
7590,465,1/6/2002
7592,467,1/6/2004
7594,469,1/5/2006
7596,471,1/9/1990
7598,473,1/9/1992
7600,475,1/8/1994
7602,477,1/8/1996
7604,479,1/7/1998
7606,481,1/7/2000
7608,483,1/6/2002
7610,485,1/6/2004
7612,487,1/5/2006
7614,489,1/9/1990
7616,491,1/9/1992
7618,493,1/8/1994
7620,495,1/8/1996
7622,497,1/7/1998
7624,499,1/7/2000
7626,501,1/6/2002
7628,503,1/6/2004
7630,505,1/5/2006
7632,507,1/9/1990
7634,509,1/9/1992
7636,511,1/8/1994
7638,513,1/8/1996
7640,515,1/7/1998
7642,517,1/7/2000
7644,519,1/6/2002
7646,521,1/6/2004
7648,523,1/5/2006
7650,525,1/9/1990
7652,527,1/9/1992
7654,529,1/8/1994
7656,531,1/8/1996
7658,533,1/7/1998
7660,535,1/7/2000
7662,537,1/6/2002
7664,539,1/6/2004
7666,541,1/5/2006
7668,543,1/9/1990
7670,545,1/9/1992
7672,547,1/8/1994
7674,549,1/8/1996
7676,551,1/7/1998
7678,553,1/7/2000
7680,555,1/6/2002
7682,557,1/6/2004
7684,559,1/5/2006
7686,561,1/9/1990
7688,563,1/9/1992
7690,565,1/8/1994
7692,567,1/8/1996
7694,569,1/7/1998
7696,571,1/7/2000
7698,573,1/6/2002
7700,575,1/6/2004
7702,577,1/5/2006
7704,579,1/9/1990
7706,581,1/9/1992
7708,583,1/8/1994
7710,585,1/8/1996
7712,587,1/7/1998
7714,589,1/7/2000
7716,591,1/6/2002
7718,593,1/6/2004
7720,595,1/5/2006
7722,597,1/9/1990
7724,599,1/9/1992
7726,601,1/8/1994
7728,603,1/8/1996
7730,605,1/7/1998
7732,607,1/7/2000
7734,609,1/6/2002
7736,611,1/6/2004
7738,613,1/5/2006
7740,615,1/9/1990
7742,617,1/9/1992
7744,619,1/8/1994
7746,621,1/8/1996
7748,623,1/7/1998
7750,625,1/7/2000
7752,627,1/6/2002
7754,629,1/6/2004
7756,631,1/5/2006
7758,633,1/9/1990
7760,635,1/9/1992
7762,637,1/8/1994
7764,639,1/8/1996
7766,641,1/7/1998
7768,643,1/7/2000
7770,645,1/6/2002
7772,647,1/6/2004
7774,649,1/5/2006
7776,651,1/9/1990
7778,653,1/9/1992
7780,655,1/8/1994
7782,657,1/8/1996
7784,659,1/7/1998
7786,661,1/7/2000
7788,663,1/6/2002
7790,665,1/6/2004
7792,667,1/5/2006
7794,669,1/9/1990
7796,671,1/9/1992
7798,673,1/8/1994
7800,675,1/8/1996
7802,677,1/7/1998
7804,679,1/7/2000
7806,681,1/6/2002
7808,683,1/6/2004
7810,685,1/5/2006
7812,687,1/9/1990
7814,689,1/9/1992
7816,691,1/8/1994
7818,693,1/8/1996
7820,695,1/7/1998
7822,697,1/7/2000
7824,699,1/6/2002
7826,701,1/6/2004
7828,703,1/5/2006
7830,705,1/9/1990
7832,707,1/9/1992
7834,709,1/8/1994
7836,711,1/8/1996
7838,713,1/7/1998
7840,715,1/7/2000
7842,717,1/6/2002
7844,719,1/6/2004
7846,721,1/5/2006
7848,723,1/9/1990
7850,725,1/9/1992
7852,727,1/8/1994
7854,729,1/8/1996
7856,731,1/7/1998
7858,733,1/7/2000
7860,735,1/6/2002
7862,737,1/6/2004
7864,739,1/5/2006
7866,741,1/9/1990
7868,743,1/9/1992
7870,745,1/8/1994
7872,747,1/8/1996
7874,749,1/7/1998
7876,751,1/7/2000
7878,753,1/6/2002
7880,755,1/6/2004
7882,757,1/5/2006
7884,759,1/9/1990
7886,761,1/9/1992
7888,763,1/8/1994
7890,765,1/8/1996
7892,767,1/7/1998
7894,769,1/7/2000
7896,771,1/6/2002
7898,773,1/6/2004
7900,775,1/5/2006
7902,777,1/9/1990
7904,779,1/9/1992
7906,781,1/8/1994
7908,783,1/8/1996
7910,785,1/7/1998
7912,787,1/7/2000
7914,789,1/6/2002
7916,791,1/6/2004
7918,793,1/5/2006
7920,795,1/9/1990
7922,797,1/9/1992
7924,799,1/8/1994
7926,801,1/8/1996
7928,803,1/7/1998
7930,805,1/7/2000
7932,807,1/6/2002
7934,809,1/6/2004
7936,811,1/5/2006
7938,813,1/9/1990
7940,815,1/9/1992
7942,817,1/8/1994
7944,819,1/8/1996
7946,821,1/7/1998
7948,823,1/7/2000
7950,825,1/6/2002
7952,827,1/6/2004
7954,829,1/5/2006
7956,831,1/9/1990
7958,833,1/9/1992
7960,835,1/8/1994
7962,837,1/8/1996
7964,839,1/7/1998
7966,841,1/7/2000
7968,843,1/6/2002
7970,845,1/6/2004
7972,847,1/5/2006
7974,849,1/9/1990
7976,851,1/9/1992
7978,853,1/8/1994
7980,855,1/8/1996
7982,857,1/7/1998
7984,859,1/7/2000
7986,861,1/6/2002
7988,863,1/6/2004
7990,865,1/5/2006
7992,867,1/9/1990
7994,869,1/9/1992
7996,871,1/8/1994
7998,873,1/8/1996
8000,875,1/7/1998
8002,877,1/7/2000
8004,879,1/6/2002
8006,881,1/6/2004
8008,883,1/5/2006
8010,885,1/9/1990
8012,887,1/9/1992
8014,889,1/8/1994
8016,891,1/8/1996
8018,893,1/7/1998
8020,895,1/7/2000
8022,897,1/6/2002
8024,899,1/6/2004
8026,901,1/5/2006
8028,903,1/9/1990
8030,905,1/9/1992
8032,907,1/8/1994
8034,909,1/8/1996
8036,911,1/7/1998
8038,913,1/7/2000
8040,915,1/6/2002
8042,917,1/6/2004
8044,919,1/5/2006
8046,921,1/9/1990
8048,923,1/9/1992
8050,925,1/8/1994
8052,927,1/8/1996
8054,929,1/7/1998
8056,931,1/7/2000
8058,933,1/6/2002
8060,935,1/6/2004
8062,937,1/5/2006
8064,939,1/9/1990
8066,941,1/9/1992
8068,943,1/8/1994
8070,945,1/8/1996
8072,947,1/7/1998
8074,949,1/7/2000
8076,951,1/6/2002
8078,953,1/6/2004
8080,955,1/5/2006
8082,957,1/9/1990
8084,959,1/9/1992
8086,961,1/8/1994
8088,963,1/8/1996
8090,965,1/7/1998
8092,967,1/7/2000
8094,969,1/6/2002
8096,971,1/6/2004
8098,973,1/5/2006
8100,975,1/9/1990
8102,977,1/9/1992
8104,979,1/8/1994
8106,981,1/8/1996
8108,983,1/7/1998
8110,985,1/7/2000
8112,987,1/6/2002
8114,989,1/6/2004
8116,991,1/5/2006
8118,993,1/9/1990
8120,995,1/9/1992
8122,997,1/8/1994
8124,999,1/8/1996
8126,1001,1/7/1998
8128,1003,1/7/2000
8130,1005,1/6/2002
8132,1007,1/6/2004
8134,1009,1/5/2006
8136,1011,1/9/1990
8138,1013,1/9/1992
8140,1015,1/8/1994
8142,1017,1/8/1996
8144,1019,1/7/1998
8146,1021,1/7/2000
8148,1023,1/6/2002
8150,1025,1/6/2004
8152,1027,1/5/2006
8154,1029,1/9/1990
8156,1031,1/9/1992
8158,1033,1/8/1994
8160,1035,1/8/1996
8162,1037,1/7/1998
8164,1039,1/7/2000
8166,1041,1/6/2002
8168,1043,1/6/2004
8170,1045,1/5/2006
8172,1047,1/9/1990
8174,1049,1/9/1992
8176,1051,1/8/1994
8178,1053,1/8/1996
8180,1055,1/7/1998
8182,1057,1/7/2000
8184,1059,1/6/2002
8186,1061,1/6/2004
8188,1063,1/5/2006
8190,1065,1/9/1990
8192,1067,1/9/1992
8194,1069,1/8/1994
8196,1071,1/8/1996
8198,1073,1/7/1998
8200,1075,1/7/2000
8202,1077,1/6/2002
8204,1079,1/6/2004
8206,1081,1/5/2006
8208,1083,1/9/1990
8210,1085,1/9/1992
8212,1087,1/8/1994
8214,1089,1/8/1996
8216,1091,1/7/1998
8218,1093,1/7/2000
8220,1095,1/6/2002
8222,1097,1/6/2004
8224,1099,1/5/2006
8226,1101,1/9/1990
8228,1103,1/9/1992
8230,1105,1/8/1994
8232,1107,1/8/1996
8234,1109,1/7/1998
8236,1111,1/7/2000
8238,1113,1/6/2002
8240,1115,1/6/2004
8242,1117,1/5/2006
8244,1119,1/9/1990
8246,1121,1/9/1992
8248,1123,1/8/1994
8250,1125,1/8/1996
8252,1127,1/7/1998
8254,1129,1/7/2000
8256,1131,1/6/2002
8258,1133,1/6/2004
8260,1135,1/5/2006
8262,1137,1/9/1990
8264,1139,1/9/1992
8266,1141,1/8/1994
8268,1143,1/8/1996
8270,1145,1/7/1998
8272,1147,1/7/2000
8274,1149,1/6/2002
8276,1151,1/6/2004
8278,1153,1/5/2006
8280,1155,1/9/1990
8282,1157,1/9/1992
8284,1159,1/8/1994
8286,1161,1/8/1996
8288,1163,1/7/1998
8290,1165,1/7/2000
8292,1167,1/6/2002
8294,1169,1/6/2004
8296,1171,1/5/2006
8298,1173,1/9/1990
8300,1175,1/9/1992
8302,1177,1/8/1994
8304,1179,1/8/1996
8306,1181,1/7/1998
8308,1183,1/7/2000
8310,1185,1/6/2002
8312,1187,1/6/2004
8314,1189,1/5/2006
8316,1191,1/9/1990
8318,1193,1/9/1992
8320,1195,1/8/1994
8322,1197,1/8/1996
8324,1199,1/7/1998
8326,1201,1/7/2000
8328,1203,1/6/2002
8330,1205,1/6/2004
8332,1207,1/5/2006
8334,1209,1/9/1990
8336,1211,1/9/1992
8338,1213,1/8/1994
8340,1215,1/8/1996
8342,1217,1/7/1998
8344,1219,1/7/2000
8346,1221,1/6/2002
8348,1223,1/6/2004
8350,1225,1/5/2006
8352,1227,1/9/1990
8354,1229,1/9/1992
8356,1231,1/8/1994
8358,1233,1/8/1996
8360,1235,1/7/1998
8362,1237,1/7/2000
8364,1239,1/6/2002
8366,1241,1/6/2004
8368,1243,1/5/2006
8370,1245,1/9/1990
8372,1247,1/9/1992
8374,1249,1/8/1994
8376,1251,1/8/1996
8378,1253,1/7/1998
8380,1255,1/7/2000
8382,1257,1/6/2002
8384,1259,1/6/2004
8386,1261,1/5/2006
8388,1263,1/9/1990
8390,1265,1/9/1992
8392,1267,1/8/1994
8394,1269,1/8/1996
8396,1271,1/7/1998
8398,1273,1/7/2000
8400,1275,1/6/2002
8402,1277,1/6/2004
8404,1279,1/5/2006
8406,1281,1/9/1990
8408,1283,1/9/1992
8410,1285,1/8/1994
8412,1287,1/8/1996
8414,1289,1/7/1998
8416,1291,1/7/2000
8418,1293,1/6/2002
8420,1295,1/6/2004
8422,1297,1/5/2006
8424,1299,1/9/1990
8426,1301,1/9/1992
8428,1303,1/8/1994
8430,1305,1/8/1996
8432,1307,1/7/1998
8434,1309,1/7/2000
8436,1311,1/6/2002
8438,1313,1/6/2004
8440,1315,1/5/2006
8442,1317,1/9/1990
8444,1319,1/9/1992
8446,1321,1/8/1994
8448,1323,1/8/1996
8450,1325,1/7/1998
8452,1327,1/7/2000
8454,1329,1/6/2002
8456,1331,1/6/2004
8458,1333,1/5/2006
8460,1335,1/9/1990
8462,1337,1/9/1992
8464,1339,1/8/1994
8466,1341,1/8/1996
8468,1343,1/7/1998
8470,1345,1/7/2000
8472,1347,1/6/2002
8474,1349,1/6/2004
8476,1351,1/5/2006
8478,1353,1/9/1990
8480,1355,1/9/1992
8482,1357,1/8/1994
8484,1359,1/8/1996
8486,1361,1/7/1998
8488,1363,1/7/2000
8490,1365,1/6/2002
8492,1367,1/6/2004
8494,1369,1/5/2006
8496,1371,1/9/1990
8498,1373,1/9/1992
8500,1375,1/8/1994
8502,1377,1/8/1996
8504,1379,1/7/1998
8506,1381,1/7/2000
8508,1383,1/6/2002
8510,1385,1/6/2004
8512,1387,1/5/2006
8514,1389,1/9/1990
8516,1391,1/9/1992
8518,1393,1/8/1994
8520,1395,1/8/1996
8522,1397,1/7/1998
8524,1,1/7/2000
8526,3,1/6/2002
8528,5,1/6/2004
8530,7,1/5/2006
8532,9,1/9/1990
8534,11,1/9/1992
8536,13,1/8/1994
8538,15,1/8/1996
8540,17,1/7/1998
8542,19,1/7/2000
8544,21,1/6/2002
8546,23,1/6/2004
8548,25,1/5/2006
8550,27,1/9/1990
8552,29,1/9/1992
8554,31,1/8/1994
8556,33,1/8/1996
8558,35,1/7/1998
8560,37,1/7/2000
8562,39,1/6/2002
8564,41,1/6/2004
8566,43,1/5/2006
8568,45,1/9/1990
8570,47,1/9/1992
8572,49,1/8/1994
8574,51,1/8/1996
8576,53,1/7/1998
8578,55,1/7/2000
8580,57,1/6/2002
8582,59,1/6/2004
8584,61,1/5/2006
8586,63,1/9/1990
8588,65,1/9/1992
8590,67,1/8/1994
8592,69,1/8/1996
8594,71,1/7/1998
8596,73,1/7/2000
8598,75,1/6/2002
8600,77,1/6/2004
8602,79,1/5/2006
8604,81,1/9/1990
8606,83,1/9/1992
8608,85,1/8/1994
8610,87,1/8/1996
8612,89,1/7/1998
8614,91,1/7/2000
8616,93,1/6/2002
8618,95,1/6/2004
8620,97,1/5/2006
8622,99,1/9/1990
8624,101,1/9/1992
8626,103,1/8/1994
8628,105,1/8/1996
8630,107,1/7/1998
8632,109,1/7/2000
8634,111,1/6/2002
8636,113,1/6/2004
8638,115,1/5/2006
8640,117,1/9/1990
8642,119,1/9/1992
8644,121,1/8/1994
8646,123,1/8/1996
8648,125,1/7/1998
8650,127,1/7/2000
8652,129,1/6/2002
8654,131,1/6/2004
8656,133,1/5/2006
8658,135,1/9/1990
8660,137,1/9/1992
8662,139,1/8/1994
8664,141,1/8/1996
8666,143,1/7/1998
8668,145,1/7/2000
8670,147,1/6/2002
8672,149,1/6/2004
8674,151,1/5/2006
8676,153,1/9/1990
8678,155,1/9/1992
8680,157,1/8/1994
8682,159,1/8/1996
8684,161,1/7/1998
8686,163,1/7/2000
8688,165,1/6/2002
8690,167,1/6/2004
8692,169,1/5/2006
8694,171,1/9/1990
8696,173,1/9/1992
8698,175,1/8/1994
8700,177,1/8/1996
8702,179,1/7/1998
8704,181,1/7/2000
8706,183,1/6/2002
8708,185,1/6/2004
8710,187,1/5/2006
8712,189,1/9/1990
8714,191,1/9/1992
8716,193,1/8/1994
8718,195,1/8/1996
8720,197,1/7/1998
8722,199,1/7/2000
8724,201,1/6/2002
8726,203,1/6/2004
8728,205,1/5/2006
8730,207,1/9/1990
8732,209,1/9/1992
8734,211,1/8/1994
8736,213,1/8/1996
8738,215,1/7/1998
8740,217,1/7/2000
8742,219,1/6/2002
8744,221,1/6/2004
8746,223,1/5/2006
8748,225,1/9/1990
8750,227,1/9/1992
8752,229,1/8/1994
8754,231,1/8/1996
8756,233,1/7/1998
8758,235,1/7/2000
8760,237,1/6/2002
8762,239,1/6/2004
8764,241,1/5/2006
8766,243,1/9/1990
8768,245,1/9/1992
8770,247,1/8/1994
8772,249,1/8/1996
8774,251,1/7/1998
8776,253,1/7/2000
8778,255,1/6/2002
8780,257,1/6/2004
8782,259,1/5/2006
8784,261,1/9/1990
8786,263,1/9/1992
8788,265,1/8/1994
8790,267,1/8/1996
8792,269,1/7/1998
8794,271,1/7/2000
8796,273,1/6/2002
8798,275,1/6/2004
8800,277,1/5/2006
8802,279,1/9/1990
8804,281,1/9/1992
8806,283,1/8/1994
8808,285,1/8/1996
8810,287,1/7/1998
8812,289,1/7/2000
8814,291,1/6/2002
8816,293,1/6/2004
8818,295,1/5/2006
8820,297,1/9/1990
8822,299,1/9/1992
8824,301,1/8/1994
8826,303,1/8/1996
8828,305,1/7/1998
8830,307,1/7/2000
8832,309,1/6/2002
8834,311,1/6/2004
8836,313,1/5/2006
8838,315,1/9/1990
8840,317,1/9/1992
8842,319,1/8/1994
8844,321,1/8/1996
8846,323,1/7/1998
8848,325,1/7/2000
8850,327,1/6/2002
8852,329,1/6/2004
8854,331,1/5/2006
8856,333,1/9/1990
8858,335,1/9/1992
8860,337,1/8/1994
8862,339,1/8/1996
8864,341,1/7/1998
8866,343,1/7/2000
8868,345,1/6/2002
8870,347,1/6/2004
8872,349,1/5/2006
8874,351,1/9/1990
8876,353,1/9/1992
8878,355,1/8/1994
8880,357,1/8/1996
8882,359,1/7/1998
8884,361,1/7/2000
8886,363,1/6/2002
8888,365,1/6/2004
8890,367,1/5/2006
8892,369,1/9/1990
8894,371,1/9/1992
8896,373,1/8/1994
8898,375,1/8/1996
8900,377,1/7/1998
8902,379,1/7/2000
8904,381,1/6/2002
8906,383,1/6/2004
8908,385,1/5/2006
8910,387,1/9/1990
8912,389,1/9/1992
8914,391,1/8/1994
8916,393,1/8/1996
8918,395,1/7/1998
8920,397,1/7/2000
8922,399,1/6/2002
8924,401,1/6/2004
8926,403,1/5/2006
8928,405,1/9/1990
8930,407,1/9/1992
8932,409,1/8/1994
8934,411,1/8/1996
8936,413,1/7/1998
8938,415,1/7/2000
8940,417,1/6/2002
8942,419,1/6/2004
8944,421,1/5/2006
8946,423,1/9/1990
8948,425,1/9/1992
8950,427,1/8/1994
8952,429,1/8/1996
8954,431,1/7/1998
8956,433,1/7/2000
8958,435,1/6/2002
8960,437,1/6/2004
8962,439,1/5/2006
8964,441,1/9/1990
8966,443,1/9/1992
8968,445,1/8/1994
8970,447,1/8/1996
8972,449,1/7/1998
8974,451,1/7/2000
8976,453,1/6/2002
8978,455,1/6/2004
8980,457,1/5/2006
8982,459,1/9/1990
8984,461,1/9/1992
8986,463,1/8/1994
8988,465,1/8/1996
8990,467,1/7/1998
8992,469,1/7/2000
8994,471,1/6/2002
8996,473,1/6/2004
8998,475,1/5/2006
9000,477,1/9/1990
9002,479,1/9/1992
9004,481,1/8/1994
9006,483,1/8/1996
9008,485,1/7/1998
9010,487,1/7/2000
9012,489,1/6/2002
9014,491,1/6/2004
9016,493,1/5/2006
9018,495,1/9/1990
9020,497,1/9/1992
9022,499,1/8/1994
9024,501,1/8/1996
9026,503,1/7/1998
9028,505,1/7/2000
9030,507,1/6/2002
9032,509,1/6/2004
9034,511,1/5/2006
9036,513,1/9/1990
9038,515,1/9/1992
9040,517,1/8/1994
9042,519,1/8/1996
9044,521,1/7/1998
9046,523,1/7/2000
9048,525,1/6/2002
9050,527,1/6/2004
9052,529,1/5/2006
9054,531,1/9/1990
9056,533,1/9/1992
9058,535,1/8/1994
9060,537,1/8/1996
9062,539,1/7/1998
9064,541,1/7/2000
9066,543,1/6/2002
9068,545,1/6/2004
9070,547,1/5/2006
9072,549,1/9/1990
9074,551,1/9/1992
9076,553,1/8/1994
9078,555,1/8/1996
9080,557,1/7/1998
9082,559,1/7/2000
9084,561,1/6/2002
9086,563,1/6/2004
9088,565,1/5/2006
9090,567,1/9/1990
9092,569,1/9/1992
9094,571,1/8/1994
9096,573,1/8/1996
9098,575,1/7/1998
9100,577,1/7/2000
9102,579,1/6/2002
9104,581,1/6/2004
9106,583,1/5/2006
9108,585,1/9/1990
9110,587,1/9/1992
9112,589,1/8/1994
9114,591,1/8/1996
9116,593,1/7/1998
9118,595,1/7/2000
9120,597,1/6/2002
9122,599,1/6/2004
9124,601,1/5/2006
9126,603,1/9/1990
9128,605,1/9/1992
9130,607,1/8/1994
9132,609,1/8/1996
9134,611,1/7/1998
9136,613,1/7/2000
9138,615,1/6/2002
9140,617,1/6/2004
9142,619,1/5/2006
9144,621,1/9/1990
9146,623,1/9/1992
9148,625,1/8/1994
9150,627,1/8/1996
9152,629,1/7/1998
9154,631,1/7/2000
9156,633,1/6/2002
9158,635,1/6/2004
9160,637,1/5/2006
9162,639,1/9/1990
9164,641,1/9/1992
9166,643,1/8/1994
9168,645,1/8/1996
9170,647,1/7/1998
9172,649,1/7/2000
9174,651,1/6/2002
9176,653,1/6/2004
9178,655,1/5/2006
9180,657,1/9/1990
9182,659,1/9/1992
9184,661,1/8/1994
9186,663,1/8/1996
9188,665,1/7/1998
9190,667,1/7/2000
9192,669,1/6/2002
9194,671,1/6/2004
9196,673,1/5/2006
9198,675,1/9/1990
9200,677,1/9/1992
9202,679,1/8/1994
9204,681,1/8/1996
9206,683,1/7/1998
9208,685,1/7/2000
9210,687,1/6/2002
9212,689,1/6/2004
9214,691,1/5/2006
9216,693,1/9/1990
9218,695,1/9/1992
9220,697,1/8/1994
9222,699,1/8/1996
9224,701,1/7/1998
9226,703,1/7/2000
9228,705,1/6/2002
9230,707,1/6/2004
9232,709,1/5/2006
9234,711,1/9/1990
9236,713,1/9/1992
9238,715,1/8/1994
9240,717,1/8/1996
9242,719,1/7/1998
9244,721,1/7/2000
9246,723,1/6/2002
9248,725,1/6/2004
9250,727,1/5/2006
9252,729,1/9/1990
9254,731,1/9/1992
9256,733,1/8/1994
9258,735,1/8/1996
9260,737,1/7/1998
9262,739,1/7/2000
9264,741,1/6/2002
9266,743,1/6/2004
9268,745,1/5/2006
9270,747,1/9/1990
9272,749,1/9/1992
9274,751,1/8/1994
9276,753,1/8/1996
9278,755,1/7/1998
9280,757,1/7/2000
9282,759,1/6/2002
9284,761,1/6/2004
9286,763,1/5/2006
9288,765,1/9/1990
9290,767,1/9/1992
9292,769,1/8/1994
9294,771,1/8/1996
9296,773,1/7/1998
9298,775,1/7/2000
9300,777,1/6/2002
9302,779,1/6/2004
9304,781,1/5/2006
9306,783,1/9/1990
9308,785,1/9/1992
9310,787,1/8/1994
9312,789,1/8/1996
9314,791,1/7/1998
9316,793,1/7/2000
9318,795,1/6/2002
9320,797,1/6/2004
9322,799,1/5/2006
9324,801,1/9/1990
9326,803,1/9/1992
9328,805,1/8/1994
9330,807,1/8/1996
9332,809,1/7/1998
9334,811,1/7/2000
9336,813,1/6/2002
9338,815,1/6/2004
9340,817,1/5/2006
9342,819,1/9/1990
9344,821,1/9/1992
9346,823,1/8/1994
9348,825,1/8/1996
9350,827,1/7/1998
9352,829,1/7/2000
9354,831,1/6/2002
9356,833,1/6/2004
9358,835,1/5/2006
9360,837,1/9/1990
9362,839,1/9/1992
9364,841,1/8/1994
9366,843,1/8/1996
9368,845,1/7/1998
9370,847,1/7/2000
9372,849,1/6/2002
9374,851,1/6/2004
9376,853,1/5/2006
9378,855,1/9/1990
9380,857,1/9/1992
9382,859,1/8/1994
9384,861,1/8/1996
9386,863,1/7/1998
9388,865,1/7/2000
9390,867,1/6/2002
9392,869,1/6/2004
9394,871,1/5/2006
9396,873,1/9/1990
9398,875,1/9/1992
9400,877,1/8/1994
9402,879,1/8/1996
9404,881,1/7/1998
9406,883,1/7/2000
9408,885,1/6/2002
9410,887,1/6/2004
9412,889,1/5/2006
9414,891,1/9/1990
9416,893,1/9/1992
9418,895,1/8/1994
9420,897,1/8/1996
9422,899,1/7/1998
9424,901,1/7/2000
9426,903,1/6/2002
9428,905,1/6/2004
9430,907,1/5/2006
9432,909,1/9/1990
9434,911,1/9/1992
9436,913,1/8/1994
9438,915,1/8/1996
9440,917,1/7/1998
9442,919,1/7/2000
9444,921,1/6/2002
9446,923,1/6/2004
9448,925,1/5/2006
9450,927,1/9/1990
9452,929,1/9/1992
9454,931,1/8/1994
9456,933,1/8/1996
9458,935,1/7/1998
9460,937,1/7/2000
9462,939,1/6/2002
9464,941,1/6/2004
9466,943,1/5/2006
9468,945,1/9/1990
9470,947,1/9/1992
9472,949,1/8/1994
9474,951,1/8/1996
9476,953,1/7/1998
9478,955,1/7/2000
9480,957,1/6/2002
9482,959,1/6/2004
9484,961,1/5/2006
9486,963,1/9/1990
9488,965,1/9/1992
9490,967,1/8/1994
9492,969,1/8/1996
9494,971,1/7/1998
9496,973,1/7/2000
9498,975,1/6/2002
9500,977,1/6/2004
9502,979,1/5/2006
9504,981,1/9/1990
9506,1,1/9/1992
9508,3,1/8/1994
9510,5,1/8/1996
9512,7,1/7/1998
9514,9,1/7/2000
9516,11,1/6/2002
9518,13,1/6/2004
9520,15,1/5/2006
9522,17,1/9/1990
9524,19,1/9/1992
9526,21,1/8/1994
9528,23,1/8/1996
9530,25,1/7/1998
9532,27,1/7/2000
9534,29,1/6/2002
9536,31,1/6/2004
9538,33,1/5/2006
9540,35,1/9/1990
9542,37,1/9/1992
9544,39,1/8/1994
9546,41,1/8/1996
9548,43,1/7/1998
9550,45,1/7/2000
9552,47,1/6/2002
9554,49,1/6/2004
9556,51,1/5/2006
9558,53,1/9/1990
9560,55,1/9/1992
9562,57,1/8/1994
9564,59,1/8/1996
9566,61,1/7/1998
9568,63,1/7/2000
9570,65,1/6/2002
9572,67,1/6/2004
9574,69,1/5/2006
9576,71,1/9/1990
9578,73,1/9/1992
9580,75,1/8/1994
9582,77,1/8/1996
9584,79,1/7/1998
9586,81,1/7/2000
9588,83,1/6/2002
9590,85,1/6/2004
9592,87,1/5/2006
9594,89,1/9/1990
9596,91,1/9/1992
9598,93,1/8/1994
9600,95,1/8/1996
9602,97,1/7/1998
9604,99,1/7/2000
9606,101,1/6/2002
9608,103,1/6/2004
9610,105,1/5/2006
9612,107,1/9/1990
9614,109,1/9/1992
9616,111,1/8/1994
9618,113,1/8/1996
9620,115,1/7/1998
9622,117,1/7/2000
9624,119,1/6/2002
9626,121,1/6/2004
9628,123,1/5/2006
9630,125,1/9/1990
9632,127,1/9/1992
9634,129,1/8/1994
9636,131,1/8/1996
9638,133,1/7/1998
9640,135,1/7/2000
9642,137,1/6/2002
9644,139,1/6/2004
9646,141,1/5/2006
9648,143,1/9/1990
9650,145,1/9/1992
9652,147,1/8/1994
9654,149,1/8/1996
9656,151,1/7/1998
9658,153,1/7/2000
9660,155,1/6/2002
9662,157,1/6/2004
9664,159,1/5/2006
9666,161,1/9/1990
9668,163,1/9/1992
9670,165,1/8/1994
9672,167,1/8/1996
9674,169,1/7/1998
9676,171,1/7/2000
9678,173,1/6/2002
9680,175,1/6/2004
9682,177,1/5/2006
9684,179,1/9/1990
9686,181,1/9/1992
9688,183,1/8/1994
9690,185,1/8/1996
9692,187,1/7/1998
9694,189,1/7/2000
9696,191,1/6/2002
9698,193,1/6/2004
9700,195,1/5/2006
9702,197,1/9/1990
9704,199,1/9/1992
9706,201,1/8/1994
9708,203,1/8/1996
9710,205,1/7/1998
9712,207,1/7/2000
9714,209,1/6/2002
9716,211,1/6/2004
9718,213,1/5/2006
9720,215,1/9/1990
9722,217,1/9/1992
9724,219,1/8/1994
9726,221,1/8/1996
9728,223,1/7/1998
9730,225,1/7/2000
9732,227,1/6/2002
9734,229,1/6/2004
9736,231,1/5/2006
9738,233,1/9/1990
9740,235,1/9/1992
9742,237,1/8/1994
9744,239,1/8/1996
9746,241,1/7/1998
9748,243,1/7/2000
9750,245,1/6/2002
9752,247,1/6/2004
9754,249,1/5/2006
9756,251,1/9/1990
9758,253,1/9/1992
9760,255,1/8/1994
9762,257,1/8/1996
9764,259,1/7/1998
9766,261,1/7/2000
9768,263,1/6/2002
9770,265,1/6/2004
9772,267,1/5/2006
9774,269,1/9/1990
9776,271,1/9/1992
9778,273,1/8/1994
9780,275,1/8/1996
9782,277,1/7/1998
9784,279,1/7/2000
9786,281,1/6/2002
9788,283,1/6/2004
9790,285,1/5/2006
9792,287,1/9/1990
9794,289,1/9/1992
9796,291,1/8/1994
9798,293,1/8/1996
9800,295,1/7/1998
9802,297,1/7/2000
9804,299,1/6/2002
9806,301,1/6/2004
9808,303,1/5/2006
9810,305,1/9/1990
9812,307,1/9/1992
9814,309,1/8/1994
9816,311,1/8/1996
9818,313,1/7/1998
9820,315,1/7/2000
9822,317,1/6/2002
9824,319,1/6/2004
9826,321,1/5/2006
9828,323,1/9/1990
9830,325,1/9/1992
9832,327,1/8/1994
9834,329,1/8/1996
9836,331,1/7/1998
9838,333,1/7/2000
9840,335,1/6/2002
9842,337,1/6/2004
9844,339,1/5/2006
9846,341,1/9/1990
9848,343,1/9/1992
9850,345,1/8/1994
9852,347,1/8/1996
9854,349,1/7/1998
9856,351,1/7/2000
9858,353,1/6/2002
9860,355,1/6/2004
9862,357,1/5/2006
9864,359,1/9/1990
9866,361,1/9/1992
9868,363,1/8/1994
9870,365,1/8/1996
9872,367,1/7/1998
9874,369,1/7/2000
9876,371,1/6/2002
9878,373,1/6/2004
9880,375,1/5/2006
9882,377,1/9/1990
9884,379,1/9/1992
9886,381,1/8/1994
9888,383,1/8/1996
9890,385,1/7/1998
9892,387,1/7/2000
9894,389,1/6/2002
9896,391,1/6/2004
9898,393,1/5/2006
9900,395,1/9/1990
9902,397,1/9/1992
9904,399,1/8/1994
9906,401,1/8/1996
9908,403,1/7/1998
9910,405,1/7/2000
9912,407,1/6/2002
9914,409,1/6/2004
9916,411,1/5/2006
9918,413,1/9/1990
9920,415,1/9/1992
9922,417,1/8/1994
9924,419,1/8/1996
9926,421,1/7/1998
9928,423,1/7/2000
9930,425,1/6/2002
9932,427,1/6/2004
9934,429,1/5/2006
9936,431,1/9/1990
9938,433,1/9/1992
9940,435,1/8/1994
9942,437,1/8/1996
9944,439,1/7/1998
9946,441,1/7/2000
9948,443,1/6/2002
9950,445,1/6/2004
9952,447,1/5/2006
9954,449,1/9/1990
9956,451,1/9/1992
9958,453,1/8/1994
9960,455,1/8/1996
9962,457,1/7/1998
9964,459,1/7/2000
9966,461,1/6/2002
9968,463,1/6/2004
9970,465,1/5/2006
9972,467,1/9/1990
9974,469,1/9/1992
9976,471,1/8/1994
9978,473,1/8/1996
9980,475,1/7/1998
9982,477,1/7/2000
9984,479,1/6/2002
9986,481,1/6/2004
9988,483,1/5/2006
9990,485,1/9/1990
9992,487,1/9/1992
9994,489,1/8/1994
9996,491,1/8/1996
9998,493,1/7/1998
10000,495,1/7/2000
