1,5,1,1534,12/25/2007,1/8/2008
1,10,1,3055,12/30/2007,1/13/2008
2,4,1,1235,12/28/2007,1/11/2008
2,9,1,2756,12/22/2007,1/5/2008
3,3,1,936,12/29/2007,1/12/2008
3,8,1,2457,12/28/2007,1/11/2008
4,2,1,637,12/28/2007,1/11/2008
4,7,1,2158,1/1/2008,1/15/2008
5,1,1,338,12/25/2007,1/8/2008
5,6,1,1859,1/3/2008,1/17/2008
6,5,1,1560,1/3/2008,1/17/2008
6,10,1,3094,1/1/2008,1/15/2008
7,4,1,1261,1/1/2008,1/15/2008
7,9,1,2795,1/4/2008,1/18/2008
8,3,1,962,12/28/2007,1/11/2008
8,8,1,2496,12/20/2007,1/3/2008
9,2,1,663,12/22/2007,1/5/2008
9,7,1,2197,1/4/2008,1/18/2008
10,1,1,364,12/30/2007,1/13/2008
10,6,1,1898,1/1/2008,1/15/2008
11,5,2,1599,12/27/2007,1/10/2008
11,10,2,3120,1/3/2008,1/17/2008
12,4,2,1300,12/20/2007,1/3/2008
12,9,2,2821,1/1/2008,1/15/2008
13,3,2,1001,12/27/2007,1/10/2008
13,8,2,2522,12/28/2007,1/11/2008
14,2,2,702,1/1/2008,1/15/2008
14,7,2,2223,12/22/2007,1/5/2008
15,1,2,403,1/4/2008,1/18/2008
15,6,2,1924,12/30/2007,1/13/2008
16,5,2,1625,12/20/2007,1/3/2008
16,10,2,3159,12/20/2007,1/3/2008
17,4,2,1326,12/24/2007,1/7/2008
17,9,2,2860,12/29/2007,1/12/2008
18,3,2,1027,12/26/2007,1/9/2008
18,8,2,2561,12/20/2007,1/3/2008
19,2,2,728,12/26/2007,1/9/2008
19,7,2,2262,12/25/2007,1/8/2008
20,1,2,429,12/24/2007,1/7/2008
20,6,2,1963,12/28/2007,1/11/2008
21,5,3,1664,12/29/2007,1/12/2008
21,10,3,3185,12/22/2007,1/5/2008
22,4,3,1365,12/28/2007,1/11/2008
22,9,3,2886,12/26/2007,1/9/2008
23,3,3,1066,12/25/2007,1/8/2008
23,8,3,2587,12/28/2007,1/11/2008
24,2,3,767,12/20/2007,1/3/2008
24,7,3,2288,12/28/2007,1/11/2008
25,1,3,468,12/29/2007,1/12/2008
25,6,3,1989,12/26/2007,1/9/2008
26,5,3,1690,12/22/2007,1/5/2008
26,10,3,3224,12/24/2007,1/7/2008
27,4,3,1391,1/1/2008,1/15/2008
27,9,3,2925,12/23/2007,1/6/2008
28,3,3,1092,12/24/2007,1/7/2008
28,8,3,2626,12/20/2007,1/3/2008
29,2,3,793,12/30/2007,1/13/2008
29,7,3,2327,12/31/2007,1/14/2008
30,1,3,494,1/3/2008,1/17/2008
30,6,3,2028,12/24/2007,1/7/2008
31,5,4,1729,12/31/2007,1/14/2008
31,10,4,3250,12/26/2007,1/9/2008
32,4,4,1430,12/20/2007,1/3/2008
32,9,4,2951,12/20/2007,1/3/2008
33,3,4,1131,12/23/2007,1/6/2008
33,8,4,2652,12/28/2007,1/11/2008
34,2,4,832,12/24/2007,1/7/2008
34,7,4,2353,1/3/2008,1/17/2008
35,1,4,533,12/23/2007,1/6/2008
35,6,4,2054,12/22/2007,1/5/2008
36,5,4,1755,12/24/2007,1/7/2008
36,10,4,3289,12/28/2007,1/11/2008
37,4,4,1456,12/24/2007,1/7/2008
37,9,4,2990,1/2/2008,1/16/2008
38,3,4,1157,12/22/2007,1/5/2008
38,8,4,2691,12/20/2007,1/3/2008
39,2,4,858,1/3/2008,1/17/2008
39,7,4,2392,12/21/2007,1/4/2008
40,1,4,559,12/28/2007,1/11/2008
40,6,4,2093,12/20/2007,1/3/2008
41,5,5,1794,1/2/2008,1/16/2008
41,10,5,3315,12/30/2007,1/13/2008
42,4,5,1495,12/28/2007,1/11/2008
42,9,5,3016,12/30/2007,1/13/2008
43,3,5,1196,12/21/2007,1/4/2008
43,8,5,2717,12/28/2007,1/11/2008
44,2,5,897,12/28/2007,1/11/2008
44,7,5,2418,12/24/2007,1/7/2008
45,1,5,598,1/2/2008,1/16/2008
45,6,5,2119,1/3/2008,1/17/2008
46,5,5,1820,12/26/2007,1/9/2008
46,10,5,3354,1/1/2008,1/15/2008
47,4,5,1521,1/1/2008,1/15/2008
47,9,5,3055,12/27/2007,1/10/2008
48,3,5,1222,12/20/2007,1/3/2008
48,8,5,2756,12/20/2007,1/3/2008
49,2,5,923,12/22/2007,1/5/2008
49,7,5,2457,12/27/2007,1/10/2008
50,1,5,624,12/22/2007,1/5/2008
50,6,5,2158,1/1/2008,1/15/2008
51,5,6,1859,1/4/2008,1/18/2008
51,10,6,3380,1/3/2008,1/17/2008
52,4,6,1560,12/20/2007,1/3/2008
52,9,6,3081,12/24/2007,1/7/2008
53,3,6,1261,1/4/2008,1/18/2008
53,8,6,2782,12/28/2007,1/11/2008
54,2,6,962,1/1/2008,1/15/2008
54,7,6,2483,12/30/2007,1/13/2008
55,1,6,663,12/27/2007,1/10/2008
55,6,6,2184,12/30/2007,1/13/2008
56,5,6,1885,12/28/2007,1/11/2008
56,10,6,3419,12/20/2007,1/3/2008
57,4,6,1586,12/24/2007,1/7/2008
57,9,6,3120,12/21/2007,1/4/2008
58,3,6,1287,1/3/2008,1/17/2008
58,8,6,2821,12/20/2007,1/3/2008
59,2,6,988,12/26/2007,1/9/2008
59,7,6,2522,1/2/2008,1/16/2008
60,1,6,689,1/1/2008,1/15/2008
60,6,6,2223,12/28/2007,1/11/2008
61,5,7,1924,12/21/2007,1/4/2008
61,10,7,3445,12/22/2007,1/5/2008
62,4,7,1625,12/28/2007,1/11/2008
62,9,7,3146,1/3/2008,1/17/2008
63,3,7,1326,1/2/2008,1/16/2008
63,8,7,2847,12/28/2007,1/11/2008
64,2,7,1027,12/20/2007,1/3/2008
64,7,7,2548,12/20/2007,1/3/2008
65,1,7,728,12/21/2007,1/4/2008
65,6,7,2249,12/26/2007,1/9/2008
66,5,7,1950,12/30/2007,1/13/2008
66,10,7,3484,12/24/2007,1/7/2008
67,4,7,1651,1/1/2008,1/15/2008
67,9,7,3185,12/31/2007,1/14/2008
68,3,7,1352,1/1/2008,1/15/2008
68,8,7,2886,12/20/2007,1/3/2008
69,2,7,1053,12/30/2007,1/13/2008
69,7,7,2587,12/23/2007,1/6/2008
70,1,7,754,12/26/2007,1/9/2008
70,6,7,2288,12/24/2007,1/7/2008
71,5,8,1989,12/23/2007,1/6/2008
71,10,8,3510,12/26/2007,1/9/2008
72,4,8,1690,12/20/2007,1/3/2008
72,9,8,3211,12/28/2007,1/11/2008
73,3,8,1391,12/31/2007,1/14/2008
73,8,8,2912,12/28/2007,1/11/2008
74,2,8,1092,12/24/2007,1/7/2008
74,7,8,2613,12/26/2007,1/9/2008
75,1,8,793,12/31/2007,1/14/2008
75,6,8,2314,12/22/2007,1/5/2008
76,5,8,2015,1/1/2008,1/15/2008
76,10,8,3549,12/28/2007,1/11/2008
77,4,8,1716,12/24/2007,1/7/2008
77,9,8,3250,12/25/2007,1/8/2008
78,3,8,1417,12/30/2007,1/13/2008
78,8,8,2951,12/20/2007,1/3/2008
79,2,8,1118,1/3/2008,1/17/2008
79,7,8,2652,12/29/2007,1/12/2008
80,1,8,819,12/20/2007,1/3/2008
80,6,8,2353,12/20/2007,1/3/2008
81,5,9,2054,12/25/2007,1/8/2008
81,10,9,3575,12/30/2007,1/13/2008
82,4,9,1755,12/28/2007,1/11/2008
82,9,9,3276,12/22/2007,1/5/2008
83,3,9,1456,12/29/2007,1/12/2008
83,8,9,2977,12/28/2007,1/11/2008
84,2,9,1157,12/28/2007,1/11/2008
84,7,9,2678,1/1/2008,1/15/2008
85,1,9,858,12/25/2007,1/8/2008
85,6,9,2379,1/3/2008,1/17/2008
86,5,9,2080,1/3/2008,1/17/2008
86,10,9,3614,1/1/2008,1/15/2008
87,4,9,1781,1/1/2008,1/15/2008
87,9,9,3315,1/4/2008,1/18/2008
88,3,9,1482,12/28/2007,1/11/2008
88,8,9,3016,12/20/2007,1/3/2008
89,2,9,1183,12/22/2007,1/5/2008
89,7,9,2717,1/4/2008,1/18/2008
90,1,9,884,12/30/2007,1/13/2008
90,6,9,2418,1/1/2008,1/15/2008
91,5,10,2119,12/27/2007,1/10/2008
91,10,10,3640,1/3/2008,1/17/2008
92,4,10,1820,12/20/2007,1/3/2008
92,9,10,3341,1/1/2008,1/15/2008
93,3,10,1521,12/27/2007,1/10/2008
93,8,10,3042,12/28/2007,1/11/2008
94,2,10,1222,1/1/2008,1/15/2008
94,7,10,2743,12/22/2007,1/5/2008
95,1,10,923,1/4/2008,1/18/2008
95,6,10,2444,12/30/2007,1/13/2008
96,5,10,2145,12/20/2007,1/3/2008
96,10,10,3679,12/20/2007,1/3/2008
97,4,10,1846,12/24/2007,1/7/2008
97,9,10,3380,12/29/2007,1/12/2008
98,3,10,1547,12/26/2007,1/9/2008
98,8,10,3081,12/20/2007,1/3/2008
99,2,10,1248,12/26/2007,1/9/2008
99,7,10,2782,12/25/2007,1/8/2008
100,1,10,949,12/24/2007,1/7/2008
100,6,10,2483,12/28/2007,1/11/2008
101,5,11,2184,12/29/2007,1/12/2008
101,10,11,3705,12/22/2007,1/5/2008
102,4,11,1885,12/28/2007,1/11/2008
102,9,11,3406,12/26/2007,1/9/2008
103,3,11,1586,12/25/2007,1/8/2008
103,8,11,3107,12/28/2007,1/11/2008
104,2,11,1287,12/20/2007,1/3/2008
104,7,11,2808,12/28/2007,1/11/2008
105,1,11,988,12/29/2007,1/12/2008
105,6,11,2509,12/26/2007,1/9/2008
106,5,11,2210,12/22/2007,1/5/2008
106,10,11,3744,12/24/2007,1/7/2008
107,4,11,1911,1/1/2008,1/15/2008
107,9,11,3445,12/23/2007,1/6/2008
108,3,11,1612,12/24/2007,1/7/2008
108,8,11,3146,12/20/2007,1/3/2008
109,2,11,1313,12/30/2007,1/13/2008
109,7,11,2847,12/31/2007,1/14/2008
110,1,11,1014,1/3/2008,1/17/2008
110,6,11,2548,12/24/2007,1/7/2008
111,5,12,2249,12/31/2007,1/14/2008
111,10,12,3770,12/26/2007,1/9/2008
112,4,12,1950,12/20/2007,1/3/2008
112,9,12,3471,12/20/2007,1/3/2008
113,3,12,1651,12/23/2007,1/6/2008
113,8,12,3172,12/28/2007,1/11/2008
114,2,12,1352,12/24/2007,1/7/2008
114,7,12,2873,1/3/2008,1/17/2008
115,1,12,1053,12/23/2007,1/6/2008
115,6,12,2574,12/22/2007,1/5/2008
116,5,12,2275,12/24/2007,1/7/2008
116,10,12,3809,12/28/2007,1/11/2008
117,4,12,1976,12/24/2007,1/7/2008
117,9,12,3510,1/2/2008,1/16/2008
118,3,12,1677,12/22/2007,1/5/2008
118,8,12,3211,12/20/2007,1/3/2008
119,2,12,1378,1/3/2008,1/17/2008
119,7,12,2912,12/21/2007,1/4/2008
120,1,12,1079,12/28/2007,1/11/2008
120,6,12,2613,12/20/2007,1/3/2008
121,5,13,2314,1/2/2008,1/16/2008
121,10,13,3835,12/30/2007,1/13/2008
122,4,13,2015,12/28/2007,1/11/2008
122,9,13,3536,12/30/2007,1/13/2008
123,3,13,1716,12/21/2007,1/4/2008
123,8,13,3237,12/28/2007,1/11/2008
124,2,13,1417,12/28/2007,1/11/2008
124,7,13,2938,12/24/2007,1/7/2008
125,1,13,1118,1/2/2008,1/16/2008
125,6,13,2639,1/3/2008,1/17/2008
126,5,13,2340,12/26/2007,1/9/2008
126,10,13,3874,1/1/2008,1/15/2008
127,4,13,2041,1/1/2008,1/15/2008
127,9,13,3575,12/27/2007,1/10/2008
128,3,13,1742,12/20/2007,1/3/2008
128,8,13,3276,12/20/2007,1/3/2008
129,2,13,1443,12/22/2007,1/5/2008
129,7,13,2977,12/27/2007,1/10/2008
130,1,13,1144,12/22/2007,1/5/2008
130,6,13,2678,1/1/2008,1/15/2008
131,5,14,2379,1/4/2008,1/18/2008
131,10,14,3900,1/3/2008,1/17/2008
132,4,14,2080,12/20/2007,1/3/2008
132,9,14,3601,12/24/2007,1/7/2008
133,3,14,1781,1/4/2008,1/18/2008
133,8,14,3302,12/28/2007,1/11/2008
134,2,14,1482,1/1/2008,1/15/2008
134,7,14,3003,12/30/2007,1/13/2008
135,1,14,1183,12/27/2007,1/10/2008
135,6,14,2704,12/30/2007,1/13/2008
136,5,14,2405,12/28/2007,1/11/2008
136,10,14,3939,12/20/2007,1/3/2008
137,4,14,2106,12/24/2007,1/7/2008
137,9,14,3640,12/21/2007,1/4/2008
138,3,14,1807,1/3/2008,1/17/2008
138,8,14,3341,12/20/2007,1/3/2008
139,2,14,1508,12/26/2007,1/9/2008
139,7,14,3042,1/2/2008,1/16/2008
140,1,14,1209,1/1/2008,1/15/2008
140,6,14,2743,12/28/2007,1/11/2008
141,5,15,2444,12/21/2007,1/4/2008
141,10,15,3965,12/22/2007,1/5/2008
142,4,15,2145,12/28/2007,1/11/2008
142,9,15,3666,1/3/2008,1/17/2008
143,3,15,1846,1/2/2008,1/16/2008
143,8,15,3367,12/28/2007,1/11/2008
144,2,15,1547,12/20/2007,1/3/2008
144,7,15,3068,12/20/2007,1/3/2008
145,1,15,1248,12/21/2007,1/4/2008
145,6,15,2769,12/26/2007,1/9/2008
146,5,15,2470,12/30/2007,1/13/2008
146,10,15,4004,12/24/2007,1/7/2008
147,4,15,2171,1/1/2008,1/15/2008
147,9,15,3705,12/31/2007,1/14/2008
148,3,15,1872,1/1/2008,1/15/2008
148,8,15,3406,12/20/2007,1/3/2008
149,2,15,1573,12/30/2007,1/13/2008
149,7,15,3107,12/23/2007,1/6/2008
150,1,15,1274,12/26/2007,1/9/2008
150,6,15,2808,12/24/2007,1/7/2008
151,5,16,2509,12/23/2007,1/6/2008
151,10,16,4030,12/26/2007,1/9/2008
152,4,16,2210,12/20/2007,1/3/2008
152,9,16,3731,12/28/2007,1/11/2008
153,3,16,1911,12/31/2007,1/14/2008
153,8,16,3432,12/28/2007,1/11/2008
154,2,16,1612,12/24/2007,1/7/2008
154,7,16,3133,12/26/2007,1/9/2008
155,1,16,1313,12/31/2007,1/14/2008
155,6,16,2834,12/22/2007,1/5/2008
156,5,16,2535,1/1/2008,1/15/2008
156,10,16,4069,12/28/2007,1/11/2008
157,4,16,2236,12/24/2007,1/7/2008
157,9,16,3770,12/25/2007,1/8/2008
158,3,16,1937,12/30/2007,1/13/2008
158,8,16,3471,12/20/2007,1/3/2008
159,2,16,1638,1/3/2008,1/17/2008
159,7,16,3172,12/29/2007,1/12/2008
160,1,16,1339,12/20/2007,1/3/2008
160,6,16,2873,12/20/2007,1/3/2008
161,5,17,2574,12/25/2007,1/8/2008
161,10,17,4095,12/30/2007,1/13/2008
162,4,17,2275,12/28/2007,1/11/2008
162,9,17,3796,12/22/2007,1/5/2008
163,3,17,1976,12/29/2007,1/12/2008
163,8,17,3497,12/28/2007,1/11/2008
164,2,17,1677,12/28/2007,1/11/2008
164,7,17,3198,1/1/2008,1/15/2008
165,1,17,1378,12/25/2007,1/8/2008
165,6,17,2899,1/3/2008,1/17/2008
166,5,17,2600,1/3/2008,1/17/2008
166,10,17,4134,1/1/2008,1/15/2008
167,4,17,2301,1/1/2008,1/15/2008
167,9,17,3835,1/4/2008,1/18/2008
168,3,17,2002,12/28/2007,1/11/2008
168,8,17,3536,12/20/2007,1/3/2008
169,2,17,1703,12/22/2007,1/5/2008
169,7,17,3237,1/4/2008,1/18/2008
170,1,17,1404,12/30/2007,1/13/2008
170,6,17,2938,1/1/2008,1/15/2008
171,5,18,2639,12/27/2007,1/10/2008
171,10,18,4160,1/3/2008,1/17/2008
172,4,18,2340,12/20/2007,1/3/2008
172,9,18,3861,1/1/2008,1/15/2008
173,3,18,2041,12/27/2007,1/10/2008
173,8,18,3562,12/28/2007,1/11/2008
174,2,18,1742,1/1/2008,1/15/2008
174,7,18,3263,12/22/2007,1/5/2008
175,1,18,1443,1/4/2008,1/18/2008
175,6,18,2964,12/30/2007,1/13/2008
176,5,18,2665,12/20/2007,1/3/2008
176,10,18,4199,12/20/2007,1/3/2008
177,4,18,2366,12/24/2007,1/7/2008
177,9,18,3900,12/29/2007,1/12/2008
178,3,18,2067,12/26/2007,1/9/2008
178,8,18,3601,12/20/2007,1/3/2008
179,2,18,1768,12/26/2007,1/9/2008
179,7,18,3302,12/25/2007,1/8/2008
180,1,18,1469,12/24/2007,1/7/2008
180,6,18,3003,12/28/2007,1/11/2008
181,5,19,2704,12/29/2007,1/12/2008
181,10,19,4225,12/22/2007,1/5/2008
182,4,19,2405,12/28/2007,1/11/2008
182,9,19,3926,12/26/2007,1/9/2008
183,3,19,2106,12/25/2007,1/8/2008
183,8,19,3627,12/28/2007,1/11/2008
184,2,19,1807,12/20/2007,1/3/2008
184,7,19,3328,12/28/2007,1/11/2008
185,1,19,1508,12/29/2007,1/12/2008
185,6,19,3029,12/26/2007,1/9/2008
186,5,19,2730,12/22/2007,1/5/2008
186,10,19,4264,12/24/2007,1/7/2008
187,4,19,2431,1/1/2008,1/15/2008
187,9,19,3965,12/23/2007,1/6/2008
188,3,19,2132,12/24/2007,1/7/2008
188,8,19,3666,12/20/2007,1/3/2008
189,2,19,1833,12/30/2007,1/13/2008
189,7,19,3367,12/31/2007,1/14/2008
190,1,19,1534,1/3/2008,1/17/2008
190,6,19,3068,12/24/2007,1/7/2008
191,5,20,2769,12/31/2007,1/14/2008
191,10,20,4290,12/26/2007,1/9/2008
192,4,20,2470,12/20/2007,1/3/2008
192,9,20,3991,12/20/2007,1/3/2008
193,3,20,2171,12/23/2007,1/6/2008
193,8,20,3692,12/28/2007,1/11/2008
194,2,20,1872,12/24/2007,1/7/2008
194,7,20,3393,1/3/2008,1/17/2008
195,1,20,1573,12/23/2007,1/6/2008
195,6,20,3094,12/22/2007,1/5/2008
196,5,20,2795,12/24/2007,1/7/2008
196,10,20,4329,12/28/2007,1/11/2008
197,4,20,2496,12/24/2007,1/7/2008
197,9,20,4030,1/2/2008,1/16/2008
198,3,20,2197,12/22/2007,1/5/2008
198,8,20,3731,12/20/2007,1/3/2008
199,2,20,1898,1/3/2008,1/17/2008
199,7,20,3432,12/21/2007,1/4/2008
200,1,20,1599,12/28/2007,1/11/2008
200,6,20,3133,12/20/2007,1/3/2008
201,5,21,2834,1/2/2008,1/16/2008
201,10,21,4355,12/30/2007,1/13/2008
202,4,21,2535,12/28/2007,1/11/2008
202,9,21,4056,12/30/2007,1/13/2008
203,3,21,2236,12/21/2007,1/4/2008
203,8,21,3757,12/28/2007,1/11/2008
204,2,21,1937,12/28/2007,1/11/2008
204,7,21,3458,12/24/2007,1/7/2008
205,1,21,1638,1/2/2008,1/16/2008
205,6,21,3159,1/3/2008,1/17/2008
206,5,21,2860,12/26/2007,1/9/2008
206,10,21,4394,1/1/2008,1/15/2008
207,4,21,2561,1/1/2008,1/15/2008
207,9,21,4095,12/27/2007,1/10/2008
208,3,21,2262,12/20/2007,1/3/2008
208,8,21,3796,12/20/2007,1/3/2008
209,2,21,1963,12/22/2007,1/5/2008
209,7,21,3497,12/27/2007,1/10/2008
210,1,21,1664,12/22/2007,1/5/2008
210,6,21,3198,1/1/2008,1/15/2008
211,5,22,2899,1/4/2008,1/18/2008
211,10,22,4420,1/3/2008,1/17/2008
212,4,22,2600,12/20/2007,1/3/2008
212,9,22,4121,12/24/2007,1/7/2008
213,3,22,2301,1/4/2008,1/18/2008
213,8,22,3822,12/28/2007,1/11/2008
214,2,22,2002,1/1/2008,1/15/2008
214,7,22,3523,12/30/2007,1/13/2008
215,1,22,1703,12/27/2007,1/10/2008
215,6,22,3224,12/30/2007,1/13/2008
216,5,22,2925,12/28/2007,1/11/2008
216,10,22,4459,12/20/2007,1/3/2008
217,4,22,2626,12/24/2007,1/7/2008
217,9,22,4160,12/21/2007,1/4/2008
218,3,22,2327,1/3/2008,1/17/2008
218,8,22,3861,12/20/2007,1/3/2008
219,2,22,2028,12/26/2007,1/9/2008
219,7,22,3562,1/2/2008,1/16/2008
220,1,22,1729,1/1/2008,1/15/2008
220,6,22,3263,12/28/2007,1/11/2008
221,5,23,2964,12/21/2007,1/4/2008
221,10,23,4485,12/22/2007,1/5/2008
222,4,23,2665,12/28/2007,1/11/2008
222,9,23,4186,1/3/2008,1/17/2008
223,3,23,2366,1/2/2008,1/16/2008
223,8,23,3887,12/28/2007,1/11/2008
224,2,23,2067,12/20/2007,1/3/2008
224,7,23,3588,12/20/2007,1/3/2008
225,1,23,1768,12/21/2007,1/4/2008
225,6,23,3289,12/26/2007,1/9/2008
226,5,23,2990,12/30/2007,1/13/2008
226,10,23,4524,12/24/2007,1/7/2008
227,4,23,2691,1/1/2008,1/15/2008
227,9,23,4225,12/31/2007,1/14/2008
228,3,23,2392,1/1/2008,1/15/2008
228,8,23,3926,12/20/2007,1/3/2008
229,2,23,2093,12/30/2007,1/13/2008
229,7,23,3627,12/23/2007,1/6/2008
230,1,23,1794,12/26/2007,1/9/2008
230,6,23,3328,12/24/2007,1/7/2008
231,5,24,3029,12/23/2007,1/6/2008
231,10,24,4550,12/26/2007,1/9/2008
232,4,24,2730,12/20/2007,1/3/2008
232,9,24,4251,12/28/2007,1/11/2008
233,3,24,2431,12/31/2007,1/14/2008
233,8,24,3952,12/28/2007,1/11/2008
234,2,24,2132,12/24/2007,1/7/2008
234,7,24,3653,12/26/2007,1/9/2008
235,1,24,1833,12/31/2007,1/14/2008
235,6,24,3354,12/22/2007,1/5/2008
236,5,24,3055,1/1/2008,1/15/2008
236,10,24,4589,12/28/2007,1/11/2008
237,4,24,2756,12/24/2007,1/7/2008
237,9,24,4290,12/25/2007,1/8/2008
238,3,24,2457,12/30/2007,1/13/2008
238,8,24,3991,12/20/2007,1/3/2008
239,2,24,2158,1/3/2008,1/17/2008
239,7,24,3692,12/29/2007,1/12/2008
240,1,24,1859,12/20/2007,1/3/2008
240,6,24,3393,12/20/2007,1/3/2008
241,5,25,3094,12/25/2007,1/8/2008
241,10,25,4615,12/30/2007,1/13/2008
242,4,25,2795,12/28/2007,1/11/2008
242,9,25,4316,12/22/2007,1/5/2008
243,3,25,2496,12/29/2007,1/12/2008
243,8,25,4017,12/28/2007,1/11/2008
244,2,25,2197,12/28/2007,1/11/2008
244,7,25,3718,1/1/2008,1/15/2008
245,1,25,1898,12/25/2007,1/8/2008
245,6,25,3419,1/3/2008,1/17/2008
246,5,25,3120,1/3/2008,1/17/2008
246,10,25,4654,1/1/2008,1/15/2008
247,4,25,2821,1/1/2008,1/15/2008
247,9,25,4355,1/4/2008,1/18/2008
248,3,25,2522,12/28/2007,1/11/2008
248,8,25,4056,12/20/2007,1/3/2008
249,2,25,2223,12/22/2007,1/5/2008
249,7,25,3757,1/4/2008,1/18/2008
250,1,25,1924,12/30/2007,1/13/2008
250,6,25,3458,1/1/2008,1/15/2008
251,5,26,3159,12/27/2007,1/10/2008
251,10,26,4680,1/3/2008,1/17/2008
252,4,26,2860,12/20/2007,1/3/2008
252,9,26,4381,1/1/2008,1/15/2008
253,3,26,2561,12/27/2007,1/10/2008
253,8,26,4082,12/28/2007,1/11/2008
254,2,26,2262,1/1/2008,1/15/2008
254,7,26,3783,12/22/2007,1/5/2008
255,1,26,1963,1/4/2008,1/18/2008
255,6,26,3484,12/30/2007,1/13/2008
256,5,26,3185,12/20/2007,1/3/2008
256,10,26,4719,12/20/2007,1/3/2008
257,4,26,2886,12/24/2007,1/7/2008
257,9,26,4420,12/29/2007,1/12/2008
258,3,26,2587,12/26/2007,1/9/2008
258,8,26,4121,12/20/2007,1/3/2008
259,2,26,2288,12/26/2007,1/9/2008
259,7,26,3822,12/25/2007,1/8/2008
260,1,26,1989,12/24/2007,1/7/2008
260,6,26,3523,12/28/2007,1/11/2008
261,5,27,3224,12/29/2007,1/12/2008
261,10,27,4745,12/22/2007,1/5/2008
262,4,27,2925,12/28/2007,1/11/2008
262,9,27,4446,12/26/2007,1/9/2008
263,3,27,2626,12/25/2007,1/8/2008
263,8,27,4147,12/28/2007,1/11/2008
264,2,27,2327,12/20/2007,1/3/2008
264,7,27,3848,12/28/2007,1/11/2008
265,1,27,2028,12/29/2007,1/12/2008
265,6,27,3549,12/26/2007,1/9/2008
266,5,27,3250,12/22/2007,1/5/2008
266,10,27,4784,12/24/2007,1/7/2008
267,4,27,2951,1/1/2008,1/15/2008
267,9,27,4485,12/23/2007,1/6/2008
268,3,27,2652,12/24/2007,1/7/2008
268,8,27,4186,12/20/2007,1/3/2008
269,2,27,2353,12/30/2007,1/13/2008
269,7,27,3887,12/31/2007,1/14/2008
270,1,27,2054,1/3/2008,1/17/2008
270,6,27,3588,12/24/2007,1/7/2008
271,5,28,3289,12/31/2007,1/14/2008
271,10,28,4810,12/26/2007,1/9/2008
272,4,28,2990,12/20/2007,1/3/2008
272,9,28,4511,12/20/2007,1/3/2008
273,3,28,2691,12/23/2007,1/6/2008
273,8,28,4212,12/28/2007,1/11/2008
274,2,28,2392,12/24/2007,1/7/2008
274,7,28,3913,1/3/2008,1/17/2008
275,1,28,2093,12/23/2007,1/6/2008
275,6,28,3614,12/22/2007,1/5/2008
276,5,28,3315,12/24/2007,1/7/2008
276,10,28,4849,12/28/2007,1/11/2008
277,4,28,3016,12/24/2007,1/7/2008
277,9,28,4550,1/2/2008,1/16/2008
278,3,28,2717,12/22/2007,1/5/2008
278,8,28,4251,12/20/2007,1/3/2008
279,2,28,2418,1/3/2008,1/17/2008
279,7,28,3952,12/21/2007,1/4/2008
280,1,28,2119,12/28/2007,1/11/2008
280,6,28,3653,12/20/2007,1/3/2008
281,5,29,3354,1/2/2008,1/16/2008
281,10,29,4875,12/30/2007,1/13/2008
282,4,29,3055,12/28/2007,1/11/2008
282,9,29,4576,12/30/2007,1/13/2008
283,3,29,2756,12/21/2007,1/4/2008
283,8,29,4277,12/28/2007,1/11/2008
284,2,29,2457,12/28/2007,1/11/2008
284,7,29,3978,12/24/2007,1/7/2008
285,1,29,2158,1/2/2008,1/16/2008
285,6,29,3679,1/3/2008,1/17/2008
286,5,29,3380,12/26/2007,1/9/2008
286,10,29,4914,1/1/2008,1/15/2008
287,4,29,3081,1/1/2008,1/15/2008
287,9,29,4615,12/27/2007,1/10/2008
288,3,29,2782,12/20/2007,1/3/2008
288,8,29,4316,12/20/2007,1/3/2008
289,2,29,2483,12/22/2007,1/5/2008
289,7,29,4017,12/27/2007,1/10/2008
290,1,29,2184,12/22/2007,1/5/2008
290,6,29,3718,1/1/2008,1/15/2008
291,5,30,3419,1/4/2008,1/18/2008
291,10,30,4940,1/3/2008,1/17/2008
292,4,30,3120,12/20/2007,1/3/2008
292,9,30,4641,12/24/2007,1/7/2008
293,3,30,2821,1/4/2008,1/18/2008
293,8,30,4342,12/28/2007,1/11/2008
294,2,30,2522,1/1/2008,1/15/2008
294,7,30,4043,12/30/2007,1/13/2008
295,1,30,2223,12/27/2007,1/10/2008
295,6,30,3744,12/30/2007,1/13/2008
296,5,30,3445,12/28/2007,1/11/2008
296,10,30,4979,12/20/2007,1/3/2008
297,4,30,3146,12/24/2007,1/7/2008
297,9,30,4680,12/21/2007,1/4/2008
298,3,30,2847,1/3/2008,1/17/2008
298,8,30,4381,12/20/2007,1/3/2008
299,2,30,2548,12/26/2007,1/9/2008
299,7,30,4082,1/2/2008,1/16/2008
300,1,30,2249,1/1/2008,1/15/2008
300,6,30,3783,12/28/2007,1/11/2008
301,5,31,3484,12/21/2007,1/4/2008
301,10,31,5005,12/22/2007,1/5/2008
302,4,31,3185,12/28/2007,1/11/2008
302,9,31,4706,1/3/2008,1/17/2008
303,3,31,2886,1/2/2008,1/16/2008
303,8,31,4407,12/28/2007,1/11/2008
304,2,31,2587,12/20/2007,1/3/2008
304,7,31,4108,12/20/2007,1/3/2008
305,1,31,2288,12/21/2007,1/4/2008
305,6,31,3809,12/26/2007,1/9/2008
306,5,31,3510,12/30/2007,1/13/2008
306,10,31,5044,12/24/2007,1/7/2008
307,4,31,3211,1/1/2008,1/15/2008
307,9,31,4745,12/31/2007,1/14/2008
308,3,31,2912,1/1/2008,1/15/2008
308,8,31,4446,12/20/2007,1/3/2008
309,2,31,2613,12/30/2007,1/13/2008
309,7,31,4147,12/23/2007,1/6/2008
310,1,31,2314,12/26/2007,1/9/2008
310,6,31,3848,12/24/2007,1/7/2008
311,5,32,3549,12/23/2007,1/6/2008
311,10,32,5070,12/26/2007,1/9/2008
312,4,32,3250,12/20/2007,1/3/2008
312,9,32,4771,12/28/2007,1/11/2008
313,3,32,2951,12/31/2007,1/14/2008
313,8,32,4472,12/28/2007,1/11/2008
314,2,32,2652,12/24/2007,1/7/2008
314,7,32,4173,12/26/2007,1/9/2008
315,1,32,2353,12/31/2007,1/14/2008
315,6,32,3874,12/22/2007,1/5/2008
316,5,32,3575,1/1/2008,1/15/2008
316,10,32,5109,12/28/2007,1/11/2008
317,4,32,3276,12/24/2007,1/7/2008
317,9,32,4810,12/25/2007,1/8/2008
318,3,32,2977,12/30/2007,1/13/2008
318,8,32,4511,12/20/2007,1/3/2008
319,2,32,2678,1/3/2008,1/17/2008
319,7,32,4212,12/29/2007,1/12/2008
320,1,32,2379,12/20/2007,1/3/2008
320,6,32,3913,12/20/2007,1/3/2008
321,5,33,3614,12/25/2007,1/8/2008
321,10,33,5135,12/30/2007,1/13/2008
322,4,33,3315,12/28/2007,1/11/2008
322,9,33,4836,12/22/2007,1/5/2008
323,3,33,3016,12/29/2007,1/12/2008
323,8,33,4537,12/28/2007,1/11/2008
324,2,33,2717,12/28/2007,1/11/2008
324,7,33,4238,1/1/2008,1/15/2008
325,1,33,2418,12/25/2007,1/8/2008
325,6,33,3939,1/3/2008,1/17/2008
326,5,33,3640,1/3/2008,1/17/2008
326,10,33,5174,1/1/2008,1/15/2008
327,4,33,3341,1/1/2008,1/15/2008
327,9,33,4875,1/4/2008,1/18/2008
328,3,33,3042,12/28/2007,1/11/2008
328,8,33,4576,12/20/2007,1/3/2008
329,2,33,2743,12/22/2007,1/5/2008
329,7,33,4277,1/4/2008,1/18/2008
330,1,33,2444,12/30/2007,1/13/2008
330,6,33,3978,1/1/2008,1/15/2008
331,5,34,3679,12/27/2007,1/10/2008
331,10,34,5200,1/3/2008,1/17/2008
332,4,34,3380,12/20/2007,1/3/2008
332,9,34,4901,1/1/2008,1/15/2008
333,3,34,3081,12/27/2007,1/10/2008
333,8,34,4602,12/28/2007,1/11/2008
334,2,34,2782,1/1/2008,1/15/2008
334,7,34,4303,12/22/2007,1/5/2008
335,1,34,2483,1/4/2008,1/18/2008
335,6,34,4004,12/30/2007,1/13/2008
336,5,34,3705,12/20/2007,1/3/2008
336,10,34,5239,12/20/2007,1/3/2008
337,4,34,3406,12/24/2007,1/7/2008
337,9,34,4940,12/29/2007,1/12/2008
338,3,34,3107,12/26/2007,1/9/2008
338,8,34,4641,12/20/2007,1/3/2008
339,2,34,2808,12/26/2007,1/9/2008
339,7,34,4342,12/25/2007,1/8/2008
340,1,34,2509,12/24/2007,1/7/2008
340,6,34,4043,12/28/2007,1/11/2008
341,5,35,3744,12/29/2007,1/12/2008
341,10,35,5265,12/22/2007,1/5/2008
342,4,35,3445,12/28/2007,1/11/2008
342,9,35,4966,12/26/2007,1/9/2008
343,3,35,3146,12/25/2007,1/8/2008
343,8,35,4667,12/28/2007,1/11/2008
344,2,35,2847,12/20/2007,1/3/2008
344,7,35,4368,12/28/2007,1/11/2008
345,1,35,2548,12/29/2007,1/12/2008
345,6,35,4069,12/26/2007,1/9/2008
346,5,35,3770,12/22/2007,1/5/2008
346,10,35,5304,12/24/2007,1/7/2008
347,4,35,3471,1/1/2008,1/15/2008
347,9,35,5005,12/23/2007,1/6/2008
348,3,35,3172,12/24/2007,1/7/2008
348,8,35,4706,12/20/2007,1/3/2008
349,2,35,2873,12/30/2007,1/13/2008
349,7,35,4407,12/31/2007,1/14/2008
350,1,35,2574,1/3/2008,1/17/2008
350,6,35,4108,12/24/2007,1/7/2008
351,5,36,3809,12/31/2007,1/14/2008
351,10,36,5330,12/26/2007,1/9/2008
352,4,36,3510,12/20/2007,1/3/2008
352,9,36,5031,12/20/2007,1/3/2008
353,3,36,3211,12/23/2007,1/6/2008
353,8,36,4732,12/28/2007,1/11/2008
354,2,36,2912,12/24/2007,1/7/2008
354,7,36,4433,1/3/2008,1/17/2008
355,1,36,2613,12/23/2007,1/6/2008
355,6,36,4134,12/22/2007,1/5/2008
356,5,36,3835,12/24/2007,1/7/2008
356,10,36,5369,12/28/2007,1/11/2008
357,4,36,3536,12/24/2007,1/7/2008
357,9,36,5070,1/2/2008,1/16/2008
358,3,36,3237,12/22/2007,1/5/2008
358,8,36,4771,12/20/2007,1/3/2008
359,2,36,2938,1/3/2008,1/17/2008
359,7,36,4472,12/21/2007,1/4/2008
360,1,36,2639,12/28/2007,1/11/2008
360,6,36,4173,12/20/2007,1/3/2008
361,5,37,3874,1/2/2008,1/16/2008
361,10,37,5395,12/30/2007,1/13/2008
362,4,37,3575,12/28/2007,1/11/2008
362,9,37,5096,12/30/2007,1/13/2008
363,3,37,3276,12/21/2007,1/4/2008
363,8,37,4797,12/28/2007,1/11/2008
364,2,37,2977,12/28/2007,1/11/2008
364,7,37,4498,12/24/2007,1/7/2008
365,1,37,2678,1/2/2008,1/16/2008
365,6,37,4199,1/3/2008,1/17/2008
366,5,37,3900,12/26/2007,1/9/2008
366,10,37,5434,1/1/2008,1/15/2008
367,4,37,3601,1/1/2008,1/15/2008
367,9,37,5135,12/27/2007,1/10/2008
368,3,37,3302,12/20/2007,1/3/2008
368,8,37,4836,12/20/2007,1/3/2008
369,2,37,3003,12/22/2007,1/5/2008
369,7,37,4537,12/27/2007,1/10/2008
370,1,37,2704,12/22/2007,1/5/2008
370,6,37,4238,1/1/2008,1/15/2008
371,5,38,3939,1/4/2008,1/18/2008
371,10,38,5460,1/3/2008,1/17/2008
372,4,38,3640,12/20/2007,1/3/2008
372,9,38,5161,12/24/2007,1/7/2008
373,3,38,3341,1/4/2008,1/18/2008
373,8,38,4862,12/28/2007,1/11/2008
374,2,38,3042,1/1/2008,1/15/2008
374,7,38,4563,12/30/2007,1/13/2008
375,1,38,2743,12/27/2007,1/10/2008
375,6,38,4264,12/30/2007,1/13/2008
376,5,38,3965,12/28/2007,1/11/2008
376,10,38,5499,12/20/2007,1/3/2008
377,4,38,3666,12/24/2007,1/7/2008
377,9,38,5200,12/21/2007,1/4/2008
378,3,38,3367,1/3/2008,1/17/2008
378,8,38,4901,12/20/2007,1/3/2008
379,2,38,3068,12/26/2007,1/9/2008
379,7,38,4602,1/2/2008,1/16/2008
380,1,38,2769,1/1/2008,1/15/2008
380,6,38,4303,12/28/2007,1/11/2008
381,5,39,4004,12/21/2007,1/4/2008
381,10,39,5525,12/22/2007,1/5/2008
382,4,39,3705,12/28/2007,1/11/2008
382,9,39,5226,1/3/2008,1/17/2008
383,3,39,3406,1/2/2008,1/16/2008
383,8,39,4927,12/28/2007,1/11/2008
384,2,39,3107,12/20/2007,1/3/2008
384,7,39,4628,12/20/2007,1/3/2008
385,1,39,2808,12/21/2007,1/4/2008
385,6,39,4329,12/26/2007,1/9/2008
386,5,39,4030,12/30/2007,1/13/2008
386,10,39,5564,12/24/2007,1/7/2008
387,4,39,3731,1/1/2008,1/15/2008
387,9,39,5265,12/31/2007,1/14/2008
388,3,39,3432,1/1/2008,1/15/2008
388,8,39,4966,12/20/2007,1/3/2008
389,2,39,3133,12/30/2007,1/13/2008
389,7,39,4667,12/23/2007,1/6/2008
390,1,39,2834,12/26/2007,1/9/2008
390,6,39,4368,12/24/2007,1/7/2008
391,5,40,4069,12/23/2007,1/6/2008
391,10,40,5590,12/26/2007,1/9/2008
392,4,40,3770,12/20/2007,1/3/2008
392,9,40,5291,12/28/2007,1/11/2008
393,3,40,3471,12/31/2007,1/14/2008
393,8,40,4992,12/28/2007,1/11/2008
394,2,40,3172,12/24/2007,1/7/2008
394,7,40,4693,12/26/2007,1/9/2008
395,1,40,2873,12/31/2007,1/14/2008
395,6,40,4394,12/22/2007,1/5/2008
396,5,40,4095,1/1/2008,1/15/2008
396,10,40,5629,12/28/2007,1/11/2008
397,4,40,3796,12/24/2007,1/7/2008
397,9,40,5330,12/25/2007,1/8/2008
398,3,40,3497,12/30/2007,1/13/2008
398,8,40,5031,12/20/2007,1/3/2008
399,2,40,3198,1/3/2008,1/17/2008
399,7,40,4732,12/29/2007,1/12/2008
400,1,40,2899,12/20/2007,1/3/2008
400,6,40,4433,12/20/2007,1/3/2008
401,5,41,4134,12/25/2007,1/8/2008
401,10,41,5655,12/30/2007,1/13/2008
402,4,41,3835,12/28/2007,1/11/2008
402,9,41,5356,12/22/2007,1/5/2008
403,3,41,3536,12/29/2007,1/12/2008
403,8,41,5057,12/28/2007,1/11/2008
404,2,41,3237,12/28/2007,1/11/2008
404,7,41,4758,1/1/2008,1/15/2008
405,1,41,2938,12/25/2007,1/8/2008
405,6,41,4459,1/3/2008,1/17/2008
406,5,41,4160,1/3/2008,1/17/2008
406,10,41,5694,1/1/2008,1/15/2008
407,4,41,3861,1/1/2008,1/15/2008
407,9,41,5395,1/4/2008,1/18/2008
408,3,41,3562,12/28/2007,1/11/2008
408,8,41,5096,12/20/2007,1/3/2008
409,2,41,3263,12/22/2007,1/5/2008
409,7,41,4797,1/4/2008,1/18/2008
410,1,41,2964,12/30/2007,1/13/2008
410,6,41,4498,1/1/2008,1/15/2008
411,5,42,4199,12/27/2007,1/10/2008
411,10,42,5720,1/3/2008,1/17/2008
412,4,42,3900,12/20/2007,1/3/2008
412,9,42,5421,1/1/2008,1/15/2008
413,3,42,3601,12/27/2007,1/10/2008
413,8,42,5122,12/28/2007,1/11/2008
414,2,42,3302,1/1/2008,1/15/2008
414,7,42,4823,12/22/2007,1/5/2008
415,1,42,3003,1/4/2008,1/18/2008
415,6,42,4524,12/30/2007,1/13/2008
416,5,42,4225,12/20/2007,1/3/2008
416,10,42,5759,12/20/2007,1/3/2008
417,4,42,3926,12/24/2007,1/7/2008
417,9,42,5460,12/29/2007,1/12/2008
418,3,42,3627,12/26/2007,1/9/2008
418,8,42,5161,12/20/2007,1/3/2008
419,2,42,3328,12/26/2007,1/9/2008
419,7,42,4862,12/25/2007,1/8/2008
420,1,42,3029,12/24/2007,1/7/2008
420,6,42,4563,12/28/2007,1/11/2008
421,5,43,4264,12/29/2007,1/12/2008
421,10,43,5785,12/22/2007,1/5/2008
422,4,43,3965,12/28/2007,1/11/2008
422,9,43,5486,12/26/2007,1/9/2008
423,3,43,3666,12/25/2007,1/8/2008
423,8,43,5187,12/28/2007,1/11/2008
424,2,43,3367,12/20/2007,1/3/2008
424,7,43,4888,12/28/2007,1/11/2008
425,1,43,3068,12/29/2007,1/12/2008
425,6,43,4589,12/26/2007,1/9/2008
426,5,43,4290,12/22/2007,1/5/2008
426,10,43,5824,12/24/2007,1/7/2008
427,4,43,3991,1/1/2008,1/15/2008
427,9,43,5525,12/23/2007,1/6/2008
428,3,43,3692,12/24/2007,1/7/2008
428,8,43,5226,12/20/2007,1/3/2008
429,2,43,3393,12/30/2007,1/13/2008
429,7,43,4927,12/31/2007,1/14/2008
430,1,43,3094,1/3/2008,1/17/2008
430,6,43,4628,12/24/2007,1/7/2008
431,5,44,4329,12/31/2007,1/14/2008
431,10,44,5850,12/26/2007,1/9/2008
432,4,44,4030,12/20/2007,1/3/2008
432,9,44,5551,12/20/2007,1/3/2008
433,3,44,3731,12/23/2007,1/6/2008
433,8,44,5252,12/28/2007,1/11/2008
434,2,44,3432,12/24/2007,1/7/2008
434,7,44,4953,1/3/2008,1/17/2008
435,1,44,3133,12/23/2007,1/6/2008
435,6,44,4654,12/22/2007,1/5/2008
436,5,44,4355,12/24/2007,1/7/2008
436,10,44,5889,12/28/2007,1/11/2008
437,4,44,4056,12/24/2007,1/7/2008
437,9,44,5590,1/2/2008,1/16/2008
438,3,44,3757,12/22/2007,1/5/2008
438,8,44,5291,12/20/2007,1/3/2008
439,2,44,3458,1/3/2008,1/17/2008
439,7,44,4992,12/21/2007,1/4/2008
440,1,44,3159,12/28/2007,1/11/2008
440,6,44,4693,12/20/2007,1/3/2008
441,5,45,4394,1/2/2008,1/16/2008
441,10,45,5915,12/30/2007,1/13/2008
442,4,45,4095,12/28/2007,1/11/2008
442,9,45,5616,12/30/2007,1/13/2008
443,3,45,3796,12/21/2007,1/4/2008
443,8,45,5317,12/28/2007,1/11/2008
444,2,45,3497,12/28/2007,1/11/2008
444,7,45,5018,12/24/2007,1/7/2008
445,1,45,3198,1/2/2008,1/16/2008
445,6,45,4719,1/3/2008,1/17/2008
446,5,45,4420,12/26/2007,1/9/2008
446,10,45,5954,1/1/2008,1/15/2008
447,4,45,4121,1/1/2008,1/15/2008
447,9,45,5655,12/27/2007,1/10/2008
448,3,45,3822,12/20/2007,1/3/2008
448,8,45,5356,12/20/2007,1/3/2008
449,2,45,3523,12/22/2007,1/5/2008
449,7,45,5057,12/27/2007,1/10/2008
450,1,45,3224,12/22/2007,1/5/2008
450,6,45,4758,1/1/2008,1/15/2008
451,5,46,4459,1/4/2008,1/18/2008
451,10,46,5980,1/3/2008,1/17/2008
452,4,46,4160,12/20/2007,1/3/2008
452,9,46,5681,12/24/2007,1/7/2008
453,3,46,3861,1/4/2008,1/18/2008
453,8,46,5382,12/28/2007,1/11/2008
454,2,46,3562,1/1/2008,1/15/2008
454,7,46,5083,12/30/2007,1/13/2008
455,1,46,3263,12/27/2007,1/10/2008
455,6,46,4784,12/30/2007,1/13/2008
456,5,46,4485,12/28/2007,1/11/2008
456,10,46,6019,12/20/2007,1/3/2008
457,4,46,4186,12/24/2007,1/7/2008
457,9,46,5720,12/21/2007,1/4/2008
458,3,46,3887,1/3/2008,1/17/2008
458,8,46,5421,12/20/2007,1/3/2008
459,2,46,3588,12/26/2007,1/9/2008
459,7,46,5122,1/2/2008,1/16/2008
460,1,46,3289,1/1/2008,1/15/2008
460,6,46,4823,12/28/2007,1/11/2008
461,5,47,4524,12/21/2007,1/4/2008
461,10,47,6045,12/22/2007,1/5/2008
462,4,47,4225,12/28/2007,1/11/2008
462,9,47,5746,1/3/2008,1/17/2008
463,3,47,3926,1/2/2008,1/16/2008
463,8,47,5447,12/28/2007,1/11/2008
464,2,47,3627,12/20/2007,1/3/2008
464,7,47,5148,12/20/2007,1/3/2008
465,1,47,3328,12/21/2007,1/4/2008
465,6,47,4849,12/26/2007,1/9/2008
466,5,47,4550,12/30/2007,1/13/2008
466,10,47,6084,12/24/2007,1/7/2008
467,4,47,4251,1/1/2008,1/15/2008
467,9,47,5785,12/31/2007,1/14/2008
468,3,47,3952,1/1/2008,1/15/2008
468,8,47,5486,12/20/2007,1/3/2008
469,2,47,3653,12/30/2007,1/13/2008
469,7,47,5187,12/23/2007,1/6/2008
470,1,47,3354,12/26/2007,1/9/2008
470,6,47,4888,12/24/2007,1/7/2008
471,5,48,4589,12/23/2007,1/6/2008
471,10,48,6110,12/26/2007,1/9/2008
472,4,48,4290,12/20/2007,1/3/2008
472,9,48,5811,12/28/2007,1/11/2008
473,3,48,3991,12/31/2007,1/14/2008
473,8,48,5512,12/28/2007,1/11/2008
474,2,48,3692,12/24/2007,1/7/2008
474,7,48,5213,12/26/2007,1/9/2008
475,1,48,3393,12/31/2007,1/14/2008
475,6,48,4914,12/22/2007,1/5/2008
476,5,48,4615,1/1/2008,1/15/2008
476,10,48,6149,12/28/2007,1/11/2008
477,4,48,4316,12/24/2007,1/7/2008
477,9,48,5850,12/25/2007,1/8/2008
478,3,48,4017,12/30/2007,1/13/2008
478,8,48,5551,12/20/2007,1/3/2008
479,2,48,3718,1/3/2008,1/17/2008
479,7,48,5252,12/29/2007,1/12/2008
480,1,48,3419,12/20/2007,1/3/2008
480,6,48,4953,12/20/2007,1/3/2008
481,5,49,4654,12/25/2007,1/8/2008
481,10,49,6175,12/30/2007,1/13/2008
482,4,49,4355,12/28/2007,1/11/2008
482,9,49,5876,12/22/2007,1/5/2008
483,3,49,4056,12/29/2007,1/12/2008
483,8,49,5577,12/28/2007,1/11/2008
484,2,49,3757,12/28/2007,1/11/2008
484,7,49,5278,1/1/2008,1/15/2008
485,1,49,3458,12/25/2007,1/8/2008
485,6,49,4979,1/3/2008,1/17/2008
486,5,49,4680,1/3/2008,1/17/2008
486,10,49,6214,1/1/2008,1/15/2008
487,4,49,4381,1/1/2008,1/15/2008
487,9,49,5915,1/4/2008,1/18/2008
488,3,49,4082,12/28/2007,1/11/2008
488,8,49,5616,12/20/2007,1/3/2008
489,2,49,3783,12/22/2007,1/5/2008
489,7,49,5317,1/4/2008,1/18/2008
490,1,49,3484,12/30/2007,1/13/2008
490,6,49,5018,1/1/2008,1/15/2008
491,5,50,4719,12/27/2007,1/10/2008
491,10,50,6240,1/3/2008,1/17/2008
492,4,50,4420,12/20/2007,1/3/2008
492,9,50,5941,1/1/2008,1/15/2008
493,3,50,4121,12/27/2007,1/10/2008
493,8,50,5642,12/28/2007,1/11/2008
494,2,50,3822,1/1/2008,1/15/2008
494,7,50,5343,12/22/2007,1/5/2008
495,1,50,3523,1/4/2008,1/18/2008
495,6,50,5044,12/30/2007,1/13/2008
496,5,50,4745,12/20/2007,1/3/2008
496,10,50,6279,12/20/2007,1/3/2008
497,4,50,4446,12/24/2007,1/7/2008
497,9,50,5980,12/29/2007,1/12/2008
498,3,50,4147,12/26/2007,1/9/2008
498,8,50,5681,12/20/2007,1/3/2008
499,2,50,3848,12/26/2007,1/9/2008
499,7,50,5382,12/25/2007,1/8/2008
500,1,50,3549,12/24/2007,1/7/2008
500,6,50,5083,12/28/2007,1/11/2008
501,5,1,4784,12/29/2007,1/12/2008
501,10,1,6305,12/22/2007,1/5/2008
502,4,1,4485,12/28/2007,1/11/2008
502,9,1,6006,12/26/2007,1/9/2008
503,3,1,4186,12/25/2007,1/8/2008
503,8,1,5707,12/28/2007,1/11/2008
504,2,1,3887,12/20/2007,1/3/2008
504,7,1,5408,12/28/2007,1/11/2008
505,1,1,3588,12/29/2007,1/12/2008
505,6,1,5109,12/26/2007,1/9/2008
506,5,1,4810,12/22/2007,1/5/2008
506,10,1,6344,12/24/2007,1/7/2008
507,4,1,4511,1/1/2008,1/15/2008
507,9,1,6045,12/23/2007,1/6/2008
508,3,1,4212,12/24/2007,1/7/2008
508,8,1,5746,12/20/2007,1/3/2008
509,2,1,3913,12/30/2007,1/13/2008
509,7,1,5447,12/31/2007,1/14/2008
510,1,1,3614,1/3/2008,1/17/2008
510,6,1,5148,12/24/2007,1/7/2008
511,5,2,4849,12/31/2007,1/14/2008
511,10,2,6370,12/26/2007,1/9/2008
512,4,2,4550,12/20/2007,1/3/2008
512,9,2,6071,12/20/2007,1/3/2008
513,3,2,4251,12/23/2007,1/6/2008
513,8,2,5772,12/28/2007,1/11/2008
514,2,2,3952,12/24/2007,1/7/2008
514,7,2,5473,1/3/2008,1/17/2008
515,1,2,3653,12/23/2007,1/6/2008
515,6,2,5174,12/22/2007,1/5/2008
516,5,2,4875,12/24/2007,1/7/2008
516,10,2,6409,12/28/2007,1/11/2008
517,4,2,4576,12/24/2007,1/7/2008
517,9,2,6110,1/2/2008,1/16/2008
518,3,2,4277,12/22/2007,1/5/2008
518,8,2,5811,12/20/2007,1/3/2008
519,2,2,3978,1/3/2008,1/17/2008
519,7,2,5512,12/21/2007,1/4/2008
520,1,2,3679,12/28/2007,1/11/2008
520,6,2,5213,12/20/2007,1/3/2008
521,5,3,4914,1/2/2008,1/16/2008
521,10,3,6435,12/30/2007,1/13/2008
522,4,3,4615,12/28/2007,1/11/2008
522,9,3,6136,12/30/2007,1/13/2008
523,3,3,4316,12/21/2007,1/4/2008
523,8,3,5837,12/28/2007,1/11/2008
524,2,3,4017,12/28/2007,1/11/2008
524,7,3,5538,12/24/2007,1/7/2008
525,1,3,3718,1/2/2008,1/16/2008
525,6,3,5239,1/3/2008,1/17/2008
526,5,3,4940,12/26/2007,1/9/2008
526,10,3,6474,1/1/2008,1/15/2008
527,4,3,4641,1/1/2008,1/15/2008
527,9,3,6175,12/27/2007,1/10/2008
528,3,3,4342,12/20/2007,1/3/2008
528,8,3,5876,12/20/2007,1/3/2008
529,2,3,4043,12/22/2007,1/5/2008
529,7,3,5577,12/27/2007,1/10/2008
530,1,3,3744,12/22/2007,1/5/2008
530,6,3,5278,1/1/2008,1/15/2008
531,5,4,4979,1/4/2008,1/18/2008
531,10,4,6500,1/3/2008,1/17/2008
532,4,4,4680,12/20/2007,1/3/2008
532,9,4,6201,12/24/2007,1/7/2008
533,3,4,4381,1/4/2008,1/18/2008
533,8,4,5902,12/28/2007,1/11/2008
534,2,4,4082,1/1/2008,1/15/2008
534,7,4,5603,12/30/2007,1/13/2008
535,1,4,3783,12/27/2007,1/10/2008
535,6,4,5304,12/30/2007,1/13/2008
536,5,4,5005,12/28/2007,1/11/2008
536,10,4,6539,12/20/2007,1/3/2008
537,4,4,4706,12/24/2007,1/7/2008
537,9,4,6240,12/21/2007,1/4/2008
538,3,4,4407,1/3/2008,1/17/2008
538,8,4,5941,12/20/2007,1/3/2008
539,2,4,4108,12/26/2007,1/9/2008
539,7,4,5642,1/2/2008,1/16/2008
540,1,4,3809,1/1/2008,1/15/2008
540,6,4,5343,12/28/2007,1/11/2008
541,5,5,5044,12/21/2007,1/4/2008
541,10,5,6565,12/22/2007,1/5/2008
542,4,5,4745,12/28/2007,1/11/2008
542,9,5,6266,1/3/2008,1/17/2008
543,3,5,4446,1/2/2008,1/16/2008
543,8,5,5967,12/28/2007,1/11/2008
544,2,5,4147,12/20/2007,1/3/2008
544,7,5,5668,12/20/2007,1/3/2008
545,1,5,3848,12/21/2007,1/4/2008
545,6,5,5369,12/26/2007,1/9/2008
546,5,5,5070,12/30/2007,1/13/2008
546,10,5,6604,12/24/2007,1/7/2008
547,4,5,4771,1/1/2008,1/15/2008
547,9,5,6305,12/31/2007,1/14/2008
548,3,5,4472,1/1/2008,1/15/2008
548,8,5,6006,12/20/2007,1/3/2008
549,2,5,4173,12/30/2007,1/13/2008
549,7,5,5707,12/23/2007,1/6/2008
550,1,5,3874,12/26/2007,1/9/2008
550,6,5,5408,12/24/2007,1/7/2008
551,5,6,5109,12/23/2007,1/6/2008
551,10,6,6630,12/26/2007,1/9/2008
552,4,6,4810,12/20/2007,1/3/2008
552,9,6,6331,12/28/2007,1/11/2008
553,3,6,4511,12/31/2007,1/14/2008
553,8,6,6032,12/28/2007,1/11/2008
554,2,6,4212,12/24/2007,1/7/2008
554,7,6,5733,12/26/2007,1/9/2008
555,1,6,3913,12/31/2007,1/14/2008
555,6,6,5434,12/22/2007,1/5/2008
556,5,6,5135,1/1/2008,1/15/2008
556,10,6,6669,12/28/2007,1/11/2008
557,4,6,4836,12/24/2007,1/7/2008
557,9,6,6370,12/25/2007,1/8/2008
558,3,6,4537,12/30/2007,1/13/2008
558,8,6,6071,12/20/2007,1/3/2008
559,2,6,4238,1/3/2008,1/17/2008
559,7,6,5772,12/29/2007,1/12/2008
560,1,6,3939,12/20/2007,1/3/2008
560,6,6,5473,12/20/2007,1/3/2008
561,5,7,5174,12/25/2007,1/8/2008
561,10,7,6695,12/30/2007,1/13/2008
562,4,7,4875,12/28/2007,1/11/2008
562,9,7,6396,12/22/2007,1/5/2008
563,3,7,4576,12/29/2007,1/12/2008
563,8,7,6097,12/28/2007,1/11/2008
564,2,7,4277,12/28/2007,1/11/2008
564,7,7,5798,1/1/2008,1/15/2008
565,1,7,3978,12/25/2007,1/8/2008
565,6,7,5499,1/3/2008,1/17/2008
566,5,7,5200,1/3/2008,1/17/2008
566,10,7,6734,1/1/2008,1/15/2008
567,4,7,4901,1/1/2008,1/15/2008
567,9,7,6435,1/4/2008,1/18/2008
568,3,7,4602,12/28/2007,1/11/2008
568,8,7,6136,12/20/2007,1/3/2008
569,2,7,4303,12/22/2007,1/5/2008
569,7,7,5837,1/4/2008,1/18/2008
570,1,7,4004,12/30/2007,1/13/2008
570,6,7,5538,1/1/2008,1/15/2008
571,5,8,5239,12/27/2007,1/10/2008
571,10,8,6760,1/3/2008,1/17/2008
572,4,8,4940,12/20/2007,1/3/2008
572,9,8,6461,1/1/2008,1/15/2008
573,3,8,4641,12/27/2007,1/10/2008
573,8,8,6162,12/28/2007,1/11/2008
574,2,8,4342,1/1/2008,1/15/2008
574,7,8,5863,12/22/2007,1/5/2008
575,1,8,4043,1/4/2008,1/18/2008
575,6,8,5564,12/30/2007,1/13/2008
576,5,8,5265,12/20/2007,1/3/2008
576,10,8,6799,12/20/2007,1/3/2008
577,4,8,4966,12/24/2007,1/7/2008
577,9,8,6500,12/29/2007,1/12/2008
578,3,8,4667,12/26/2007,1/9/2008
578,8,8,6201,12/20/2007,1/3/2008
579,2,8,4368,12/26/2007,1/9/2008
579,7,8,5902,12/25/2007,1/8/2008
580,1,8,4069,12/24/2007,1/7/2008
580,6,8,5603,12/28/2007,1/11/2008
581,5,9,5304,12/29/2007,1/12/2008
581,10,9,6825,12/22/2007,1/5/2008
582,4,9,5005,12/28/2007,1/11/2008
582,9,9,6526,12/26/2007,1/9/2008
583,3,9,4706,12/25/2007,1/8/2008
583,8,9,6227,12/28/2007,1/11/2008
584,2,9,4407,12/20/2007,1/3/2008
584,7,9,5928,12/28/2007,1/11/2008
585,1,9,4108,12/29/2007,1/12/2008
585,6,9,5629,12/26/2007,1/9/2008
586,5,9,5330,12/22/2007,1/5/2008
586,10,9,6864,12/24/2007,1/7/2008
587,4,9,5031,1/1/2008,1/15/2008
587,9,9,6565,12/23/2007,1/6/2008
588,3,9,4732,12/24/2007,1/7/2008
588,8,9,6266,12/20/2007,1/3/2008
589,2,9,4433,12/30/2007,1/13/2008
589,7,9,5967,12/31/2007,1/14/2008
590,1,9,4134,1/3/2008,1/17/2008
590,6,9,5668,12/24/2007,1/7/2008
591,5,10,5369,12/31/2007,1/14/2008
591,10,10,6890,12/26/2007,1/9/2008
592,4,10,5070,12/20/2007,1/3/2008
592,9,10,6591,12/20/2007,1/3/2008
593,3,10,4771,12/23/2007,1/6/2008
593,8,10,6292,12/28/2007,1/11/2008
594,2,10,4472,12/24/2007,1/7/2008
594,7,10,5993,1/3/2008,1/17/2008
595,1,10,4173,12/23/2007,1/6/2008
595,6,10,5694,12/22/2007,1/5/2008
596,5,10,5395,12/24/2007,1/7/2008
596,10,10,6929,12/28/2007,1/11/2008
597,4,10,5096,12/24/2007,1/7/2008
597,9,10,6630,1/2/2008,1/16/2008
598,3,10,4797,12/22/2007,1/5/2008
598,8,10,6331,12/20/2007,1/3/2008
599,2,10,4498,1/3/2008,1/17/2008
599,7,10,6032,12/21/2007,1/4/2008
600,1,10,4199,12/28/2007,1/11/2008
600,6,10,5733,12/20/2007,1/3/2008
601,5,11,5434,1/2/2008,1/16/2008
601,10,11,6955,12/30/2007,1/13/2008
602,4,11,5135,12/28/2007,1/11/2008
602,9,11,6656,12/30/2007,1/13/2008
603,3,11,4836,12/21/2007,1/4/2008
603,8,11,6357,12/28/2007,1/11/2008
604,2,11,4537,12/28/2007,1/11/2008
604,7,11,6058,12/24/2007,1/7/2008
605,1,11,4238,1/2/2008,1/16/2008
605,6,11,5759,1/3/2008,1/17/2008
606,5,11,5460,12/26/2007,1/9/2008
606,10,11,6994,1/1/2008,1/15/2008
607,4,11,5161,1/1/2008,1/15/2008
607,9,11,6695,12/27/2007,1/10/2008
608,3,11,4862,12/20/2007,1/3/2008
608,8,11,6396,12/20/2007,1/3/2008
609,2,11,4563,12/22/2007,1/5/2008
609,7,11,6097,12/27/2007,1/10/2008
610,1,11,4264,12/22/2007,1/5/2008
610,6,11,5798,1/1/2008,1/15/2008
611,5,12,5499,1/4/2008,1/18/2008
611,10,12,7020,1/3/2008,1/17/2008
612,4,12,5200,12/20/2007,1/3/2008
612,9,12,6721,12/24/2007,1/7/2008
613,3,12,4901,1/4/2008,1/18/2008
613,8,12,6422,12/28/2007,1/11/2008
614,2,12,4602,1/1/2008,1/15/2008
614,7,12,6123,12/30/2007,1/13/2008
615,1,12,4303,12/27/2007,1/10/2008
615,6,12,5824,12/30/2007,1/13/2008
616,5,12,5525,12/28/2007,1/11/2008
616,10,12,7059,12/20/2007,1/3/2008
617,4,12,5226,12/24/2007,1/7/2008
617,9,12,6760,12/21/2007,1/4/2008
618,3,12,4927,1/3/2008,1/17/2008
618,8,12,6461,12/20/2007,1/3/2008
619,2,12,4628,12/26/2007,1/9/2008
619,7,12,6162,1/2/2008,1/16/2008
620,1,12,4329,1/1/2008,1/15/2008
620,6,12,5863,12/28/2007,1/11/2008
621,5,13,5564,12/21/2007,1/4/2008
621,10,13,7085,12/22/2007,1/5/2008
622,4,13,5265,12/28/2007,1/11/2008
622,9,13,6786,1/3/2008,1/17/2008
623,3,13,4966,1/2/2008,1/16/2008
623,8,13,6487,12/28/2007,1/11/2008
624,2,13,4667,12/20/2007,1/3/2008
624,7,13,6188,12/20/2007,1/3/2008
625,1,13,4368,12/21/2007,1/4/2008
625,6,13,5889,12/26/2007,1/9/2008
626,5,13,5590,12/30/2007,1/13/2008
626,10,13,7124,12/24/2007,1/7/2008
627,4,13,5291,1/1/2008,1/15/2008
627,9,13,6825,12/31/2007,1/14/2008
628,3,13,4992,1/1/2008,1/15/2008
628,8,13,6526,12/20/2007,1/3/2008
629,2,13,4693,12/30/2007,1/13/2008
629,7,13,6227,12/23/2007,1/6/2008
630,1,13,4394,12/26/2007,1/9/2008
630,6,13,5928,12/24/2007,1/7/2008
631,5,14,5629,12/23/2007,1/6/2008
631,10,14,7150,12/26/2007,1/9/2008
632,4,14,5330,12/20/2007,1/3/2008
632,9,14,6851,12/28/2007,1/11/2008
633,3,14,5031,12/31/2007,1/14/2008
633,8,14,6552,12/28/2007,1/11/2008
634,2,14,4732,12/24/2007,1/7/2008
634,7,14,6253,12/26/2007,1/9/2008
635,1,14,4433,12/31/2007,1/14/2008
635,6,14,5954,12/22/2007,1/5/2008
636,5,14,5655,1/1/2008,1/15/2008
636,10,14,7189,12/28/2007,1/11/2008
637,4,14,5356,12/24/2007,1/7/2008
637,9,14,6890,12/25/2007,1/8/2008
638,3,14,5057,12/30/2007,1/13/2008
638,8,14,6591,12/20/2007,1/3/2008
639,2,14,4758,1/3/2008,1/17/2008
639,7,14,6292,12/29/2007,1/12/2008
640,1,14,4459,12/20/2007,1/3/2008
640,6,14,5993,12/20/2007,1/3/2008
641,5,15,5694,12/25/2007,1/8/2008
641,10,15,7215,12/30/2007,1/13/2008
642,4,15,5395,12/28/2007,1/11/2008
642,9,15,6916,12/22/2007,1/5/2008
643,3,15,5096,12/29/2007,1/12/2008
643,8,15,6617,12/28/2007,1/11/2008
644,2,15,4797,12/28/2007,1/11/2008
644,7,15,6318,1/1/2008,1/15/2008
645,1,15,4498,12/25/2007,1/8/2008
645,6,15,6019,1/3/2008,1/17/2008
646,5,15,5720,1/3/2008,1/17/2008
646,10,15,7254,1/1/2008,1/15/2008
647,4,15,5421,1/1/2008,1/15/2008
647,9,15,6955,1/4/2008,1/18/2008
648,3,15,5122,12/28/2007,1/11/2008
648,8,15,6656,12/20/2007,1/3/2008
649,2,15,4823,12/22/2007,1/5/2008
649,7,15,6357,1/4/2008,1/18/2008
650,1,15,4524,12/30/2007,1/13/2008
650,6,15,6058,1/1/2008,1/15/2008
651,5,16,5759,12/27/2007,1/10/2008
651,10,16,7280,1/3/2008,1/17/2008
652,4,16,5460,12/20/2007,1/3/2008
652,9,16,6981,1/1/2008,1/15/2008
653,3,16,5161,12/27/2007,1/10/2008
653,8,16,6682,12/28/2007,1/11/2008
654,2,16,4862,1/1/2008,1/15/2008
654,7,16,6383,12/22/2007,1/5/2008
655,1,16,4563,1/4/2008,1/18/2008
655,6,16,6084,12/30/2007,1/13/2008
656,5,16,5785,12/20/2007,1/3/2008
656,10,16,7319,12/20/2007,1/3/2008
657,4,16,5486,12/24/2007,1/7/2008
657,9,16,7020,12/29/2007,1/12/2008
658,3,16,5187,12/26/2007,1/9/2008
658,8,16,6721,12/20/2007,1/3/2008
659,2,16,4888,12/26/2007,1/9/2008
659,7,16,6422,12/25/2007,1/8/2008
660,1,16,4589,12/24/2007,1/7/2008
660,6,16,6123,12/28/2007,1/11/2008
661,5,17,5824,12/29/2007,1/12/2008
661,10,17,7345,12/22/2007,1/5/2008
662,4,17,5525,12/28/2007,1/11/2008
662,9,17,7046,12/26/2007,1/9/2008
663,3,17,5226,12/25/2007,1/8/2008
663,8,17,6747,12/28/2007,1/11/2008
664,2,17,4927,12/20/2007,1/3/2008
664,7,17,6448,12/28/2007,1/11/2008
665,1,17,4628,12/29/2007,1/12/2008
665,6,17,6149,12/26/2007,1/9/2008
666,5,17,5850,12/22/2007,1/5/2008
666,10,17,7384,12/24/2007,1/7/2008
667,4,17,5551,1/1/2008,1/15/2008
667,9,17,7085,12/23/2007,1/6/2008
668,3,17,5252,12/24/2007,1/7/2008
668,8,17,6786,12/20/2007,1/3/2008
669,2,17,4953,12/30/2007,1/13/2008
669,7,17,6487,12/31/2007,1/14/2008
670,1,17,4654,1/3/2008,1/17/2008
670,6,17,6188,12/24/2007,1/7/2008
671,5,18,5889,12/31/2007,1/14/2008
671,10,18,7410,12/26/2007,1/9/2008
672,4,18,5590,12/20/2007,1/3/2008
672,9,18,7111,12/20/2007,1/3/2008
673,3,18,5291,12/23/2007,1/6/2008
673,8,18,6812,12/28/2007,1/11/2008
674,2,18,4992,12/24/2007,1/7/2008
674,7,18,6513,1/3/2008,1/17/2008
675,1,18,4693,12/23/2007,1/6/2008
675,6,18,6214,12/22/2007,1/5/2008
676,5,18,5915,12/24/2007,1/7/2008
676,10,18,7449,12/28/2007,1/11/2008
677,4,18,5616,12/24/2007,1/7/2008
677,9,18,7150,1/2/2008,1/16/2008
678,3,18,5317,12/22/2007,1/5/2008
678,8,18,6851,12/20/2007,1/3/2008
679,2,18,5018,1/3/2008,1/17/2008
679,7,18,6552,12/21/2007,1/4/2008
680,1,18,4719,12/28/2007,1/11/2008
680,6,18,6253,12/20/2007,1/3/2008
681,5,19,5954,1/2/2008,1/16/2008
681,10,19,7475,12/30/2007,1/13/2008
682,4,19,5655,12/28/2007,1/11/2008
682,9,19,7176,12/30/2007,1/13/2008
683,3,19,5356,12/21/2007,1/4/2008
683,8,19,6877,12/28/2007,1/11/2008
684,2,19,5057,12/28/2007,1/11/2008
684,7,19,6578,12/24/2007,1/7/2008
685,1,19,4758,1/2/2008,1/16/2008
685,6,19,6279,1/3/2008,1/17/2008
686,5,19,5980,12/26/2007,1/9/2008
686,10,19,7514,1/1/2008,1/15/2008
687,4,19,5681,1/1/2008,1/15/2008
687,9,19,7215,12/27/2007,1/10/2008
688,3,19,5382,12/20/2007,1/3/2008
688,8,19,6916,12/20/2007,1/3/2008
689,2,19,5083,12/22/2007,1/5/2008
689,7,19,6617,12/27/2007,1/10/2008
690,1,19,4784,12/22/2007,1/5/2008
690,6,19,6318,1/1/2008,1/15/2008
691,5,20,6019,1/4/2008,1/18/2008
691,10,20,7540,1/3/2008,1/17/2008
692,4,20,5720,12/20/2007,1/3/2008
692,9,20,7241,12/24/2007,1/7/2008
693,3,20,5421,1/4/2008,1/18/2008
693,8,20,6942,12/28/2007,1/11/2008
694,2,20,5122,1/1/2008,1/15/2008
694,7,20,6643,12/30/2007,1/13/2008
695,1,20,4823,12/27/2007,1/10/2008
695,6,20,6344,12/30/2007,1/13/2008
696,5,20,6045,12/28/2007,1/11/2008
696,10,20,7579,12/20/2007,1/3/2008
697,4,20,5746,12/24/2007,1/7/2008
697,9,20,7280,12/21/2007,1/4/2008
698,3,20,5447,1/3/2008,1/17/2008
698,8,20,6981,12/20/2007,1/3/2008
699,2,20,5148,12/26/2007,1/9/2008
699,7,20,6682,1/2/2008,1/16/2008
700,1,20,4849,1/1/2008,1/15/2008
700,6,20,6383,12/28/2007,1/11/2008
701,5,21,6084,12/21/2007,1/4/2008
701,10,21,7605,12/22/2007,1/5/2008
702,4,21,5785,12/28/2007,1/11/2008
702,9,21,7306,1/3/2008,1/17/2008
703,3,21,5486,1/2/2008,1/16/2008
703,8,21,7007,12/28/2007,1/11/2008
704,2,21,5187,12/20/2007,1/3/2008
704,7,21,6708,12/20/2007,1/3/2008
705,1,21,4888,12/21/2007,1/4/2008
705,6,21,6409,12/26/2007,1/9/2008
706,5,21,6110,12/30/2007,1/13/2008
706,10,21,7644,12/24/2007,1/7/2008
707,4,21,5811,1/1/2008,1/15/2008
707,9,21,7345,12/31/2007,1/14/2008
708,3,21,5512,1/1/2008,1/15/2008
708,8,21,7046,12/20/2007,1/3/2008
709,2,21,5213,12/30/2007,1/13/2008
709,7,21,6747,12/23/2007,1/6/2008
710,1,21,4914,12/26/2007,1/9/2008
710,6,21,6448,12/24/2007,1/7/2008
711,5,22,6149,12/23/2007,1/6/2008
711,10,22,7670,12/26/2007,1/9/2008
712,4,22,5850,12/20/2007,1/3/2008
712,9,22,7371,12/28/2007,1/11/2008
713,3,22,5551,12/31/2007,1/14/2008
713,8,22,7072,12/28/2007,1/11/2008
714,2,22,5252,12/24/2007,1/7/2008
714,7,22,6773,12/26/2007,1/9/2008
715,1,22,4953,12/31/2007,1/14/2008
715,6,22,6474,12/22/2007,1/5/2008
716,5,22,6175,1/1/2008,1/15/2008
716,10,22,7709,12/28/2007,1/11/2008
717,4,22,5876,12/24/2007,1/7/2008
717,9,22,7410,12/25/2007,1/8/2008
718,3,22,5577,12/30/2007,1/13/2008
718,8,22,7111,12/20/2007,1/3/2008
719,2,22,5278,1/3/2008,1/17/2008
719,7,22,6812,12/29/2007,1/12/2008
720,1,22,4979,12/20/2007,1/3/2008
720,6,22,6513,12/20/2007,1/3/2008
721,5,23,6214,12/25/2007,1/8/2008
721,10,23,7735,12/30/2007,1/13/2008
722,4,23,5915,12/28/2007,1/11/2008
722,9,23,7436,12/22/2007,1/5/2008
723,3,23,5616,12/29/2007,1/12/2008
723,8,23,7137,12/28/2007,1/11/2008
724,2,23,5317,12/28/2007,1/11/2008
724,7,23,6838,1/1/2008,1/15/2008
725,1,23,5018,12/25/2007,1/8/2008
725,6,23,6539,1/3/2008,1/17/2008
726,5,23,6240,1/3/2008,1/17/2008
726,10,23,7774,1/1/2008,1/15/2008
727,4,23,5941,1/1/2008,1/15/2008
727,9,23,7475,1/4/2008,1/18/2008
728,3,23,5642,12/28/2007,1/11/2008
728,8,23,7176,12/20/2007,1/3/2008
729,2,23,5343,12/22/2007,1/5/2008
729,7,23,6877,1/4/2008,1/18/2008
730,1,23,5044,12/30/2007,1/13/2008
730,6,23,6578,1/1/2008,1/15/2008
731,5,24,6279,12/27/2007,1/10/2008
731,10,24,7800,1/3/2008,1/17/2008
732,4,24,5980,12/20/2007,1/3/2008
732,9,24,7501,1/1/2008,1/15/2008
733,3,24,5681,12/27/2007,1/10/2008
733,8,24,7202,12/28/2007,1/11/2008
734,2,24,5382,1/1/2008,1/15/2008
734,7,24,6903,12/22/2007,1/5/2008
735,1,24,5083,1/4/2008,1/18/2008
735,6,24,6604,12/30/2007,1/13/2008
736,5,24,6305,12/20/2007,1/3/2008
736,10,24,7839,12/20/2007,1/3/2008
737,4,24,6006,12/24/2007,1/7/2008
737,9,24,7540,12/29/2007,1/12/2008
738,3,24,5707,12/26/2007,1/9/2008
738,8,24,7241,12/20/2007,1/3/2008
739,2,24,5408,12/26/2007,1/9/2008
739,7,24,6942,12/25/2007,1/8/2008
740,1,24,5109,12/24/2007,1/7/2008
740,6,24,6643,12/28/2007,1/11/2008
741,5,25,6344,12/29/2007,1/12/2008
741,10,25,7865,12/22/2007,1/5/2008
742,4,25,6045,12/28/2007,1/11/2008
742,9,25,7566,12/26/2007,1/9/2008
743,3,25,5746,12/25/2007,1/8/2008
743,8,25,7267,12/28/2007,1/11/2008
744,2,25,5447,12/20/2007,1/3/2008
744,7,25,6968,12/28/2007,1/11/2008
745,1,25,5148,12/29/2007,1/12/2008
745,6,25,6669,12/26/2007,1/9/2008
746,5,25,6370,12/22/2007,1/5/2008
746,10,25,7904,12/24/2007,1/7/2008
747,4,25,6071,1/1/2008,1/15/2008
747,9,25,7605,12/23/2007,1/6/2008
748,3,25,5772,12/24/2007,1/7/2008
748,8,25,7306,12/20/2007,1/3/2008
749,2,25,5473,12/30/2007,1/13/2008
749,7,25,7007,12/31/2007,1/14/2008
750,1,25,5174,1/3/2008,1/17/2008
750,6,25,6708,12/24/2007,1/7/2008
751,5,26,6409,12/31/2007,1/14/2008
751,10,26,7930,12/26/2007,1/9/2008
752,4,26,6110,12/20/2007,1/3/2008
752,9,26,7631,12/20/2007,1/3/2008
753,3,26,5811,12/23/2007,1/6/2008
753,8,26,7332,12/28/2007,1/11/2008
754,2,26,5512,12/24/2007,1/7/2008
754,7,26,7033,1/3/2008,1/17/2008
755,1,26,5213,12/23/2007,1/6/2008
755,6,26,6734,12/22/2007,1/5/2008
756,5,26,6435,12/24/2007,1/7/2008
756,10,26,7969,12/28/2007,1/11/2008
757,4,26,6136,12/24/2007,1/7/2008
757,9,26,7670,1/2/2008,1/16/2008
758,3,26,5837,12/22/2007,1/5/2008
758,8,26,7371,12/20/2007,1/3/2008
759,2,26,5538,1/3/2008,1/17/2008
759,7,26,7072,12/21/2007,1/4/2008
760,1,26,5239,12/28/2007,1/11/2008
760,6,26,6773,12/20/2007,1/3/2008
761,5,27,6474,1/2/2008,1/16/2008
761,10,27,7995,12/30/2007,1/13/2008
762,4,27,6175,12/28/2007,1/11/2008
762,9,27,7696,12/30/2007,1/13/2008
763,3,27,5876,12/21/2007,1/4/2008
763,8,27,7397,12/28/2007,1/11/2008
764,2,27,5577,12/28/2007,1/11/2008
764,7,27,7098,12/24/2007,1/7/2008
765,1,27,5278,1/2/2008,1/16/2008
765,6,27,6799,1/3/2008,1/17/2008
766,5,27,6500,12/26/2007,1/9/2008
766,10,27,8034,1/1/2008,1/15/2008
767,4,27,6201,1/1/2008,1/15/2008
767,9,27,7735,12/27/2007,1/10/2008
768,3,27,5902,12/20/2007,1/3/2008
768,8,27,7436,12/20/2007,1/3/2008
769,2,27,5603,12/22/2007,1/5/2008
769,7,27,7137,12/27/2007,1/10/2008
770,1,27,5304,12/22/2007,1/5/2008
770,6,27,6838,1/1/2008,1/15/2008
771,5,28,6539,1/4/2008,1/18/2008
771,10,28,8060,1/3/2008,1/17/2008
772,4,28,6240,12/20/2007,1/3/2008
772,9,28,7761,12/24/2007,1/7/2008
773,3,28,5941,1/4/2008,1/18/2008
773,8,28,7462,12/28/2007,1/11/2008
774,2,28,5642,1/1/2008,1/15/2008
774,7,28,7163,12/30/2007,1/13/2008
775,1,28,5343,12/27/2007,1/10/2008
775,6,28,6864,12/30/2007,1/13/2008
776,5,28,6565,12/28/2007,1/11/2008
776,10,28,8099,12/20/2007,1/3/2008
777,4,28,6266,12/24/2007,1/7/2008
777,9,28,7800,12/21/2007,1/4/2008
778,3,28,5967,1/3/2008,1/17/2008
778,8,28,7501,12/20/2007,1/3/2008
779,2,28,5668,12/26/2007,1/9/2008
779,7,28,7202,1/2/2008,1/16/2008
780,1,28,5369,1/1/2008,1/15/2008
780,6,28,6903,12/28/2007,1/11/2008
781,5,29,6604,12/21/2007,1/4/2008
781,10,29,8125,12/22/2007,1/5/2008
782,4,29,6305,12/28/2007,1/11/2008
782,9,29,7826,1/3/2008,1/17/2008
783,3,29,6006,1/2/2008,1/16/2008
783,8,29,7527,12/28/2007,1/11/2008
784,2,29,5707,12/20/2007,1/3/2008
784,7,29,7228,12/20/2007,1/3/2008
785,1,29,5408,12/21/2007,1/4/2008
785,6,29,6929,12/26/2007,1/9/2008
786,5,29,6630,12/30/2007,1/13/2008
786,10,29,8164,12/24/2007,1/7/2008
787,4,29,6331,1/1/2008,1/15/2008
787,9,29,7865,12/31/2007,1/14/2008
788,3,29,6032,1/1/2008,1/15/2008
788,8,29,7566,12/20/2007,1/3/2008
789,2,29,5733,12/30/2007,1/13/2008
789,7,29,7267,12/23/2007,1/6/2008
790,1,29,5434,12/26/2007,1/9/2008
790,6,29,6968,12/24/2007,1/7/2008
791,5,30,6669,12/23/2007,1/6/2008
791,10,30,8190,12/26/2007,1/9/2008
792,4,30,6370,12/20/2007,1/3/2008
792,9,30,7891,12/28/2007,1/11/2008
793,3,30,6071,12/31/2007,1/14/2008
793,8,30,7592,12/28/2007,1/11/2008
794,2,30,5772,12/24/2007,1/7/2008
794,7,30,7293,12/26/2007,1/9/2008
795,1,30,5473,12/31/2007,1/14/2008
795,6,30,6994,12/22/2007,1/5/2008
796,5,30,6695,1/1/2008,1/15/2008
796,10,30,8229,12/28/2007,1/11/2008
797,4,30,6396,12/24/2007,1/7/2008
797,9,30,7930,12/25/2007,1/8/2008
798,3,30,6097,12/30/2007,1/13/2008
798,8,30,7631,12/20/2007,1/3/2008
799,2,30,5798,1/3/2008,1/17/2008
799,7,30,7332,12/29/2007,1/12/2008
800,1,30,5499,12/20/2007,1/3/2008
800,6,30,7033,12/20/2007,1/3/2008
801,5,31,6734,12/25/2007,1/8/2008
801,10,31,8255,12/30/2007,1/13/2008
802,4,31,6435,12/28/2007,1/11/2008
802,9,31,7956,12/22/2007,1/5/2008
803,3,31,6136,12/29/2007,1/12/2008
803,8,31,7657,12/28/2007,1/11/2008
804,2,31,5837,12/28/2007,1/11/2008
804,7,31,7358,1/1/2008,1/15/2008
805,1,31,5538,12/25/2007,1/8/2008
805,6,31,7059,1/3/2008,1/17/2008
806,5,31,6760,1/3/2008,1/17/2008
806,10,31,8294,1/1/2008,1/15/2008
807,4,31,6461,1/1/2008,1/15/2008
807,9,31,7995,1/4/2008,1/18/2008
808,3,31,6162,12/28/2007,1/11/2008
808,8,31,7696,12/20/2007,1/3/2008
809,2,31,5863,12/22/2007,1/5/2008
809,7,31,7397,1/4/2008,1/18/2008
810,1,31,5564,12/30/2007,1/13/2008
810,6,31,7098,1/1/2008,1/15/2008
811,5,32,6799,12/27/2007,1/10/2008
811,10,32,8320,1/3/2008,1/17/2008
812,4,32,6500,12/20/2007,1/3/2008
812,9,32,8021,1/1/2008,1/15/2008
813,3,32,6201,12/27/2007,1/10/2008
813,8,32,7722,12/28/2007,1/11/2008
814,2,32,5902,1/1/2008,1/15/2008
814,7,32,7423,12/22/2007,1/5/2008
815,1,32,5603,1/4/2008,1/18/2008
815,6,32,7124,12/30/2007,1/13/2008
816,5,32,6825,12/20/2007,1/3/2008
816,10,32,8359,12/20/2007,1/3/2008
817,4,32,6526,12/24/2007,1/7/2008
817,9,32,8060,12/29/2007,1/12/2008
818,3,32,6227,12/26/2007,1/9/2008
818,8,32,7761,12/20/2007,1/3/2008
819,2,32,5928,12/26/2007,1/9/2008
819,7,32,7462,12/25/2007,1/8/2008
820,1,32,5629,12/24/2007,1/7/2008
820,6,32,7163,12/28/2007,1/11/2008
821,5,33,6864,12/29/2007,1/12/2008
821,10,33,8385,12/22/2007,1/5/2008
822,4,33,6565,12/28/2007,1/11/2008
822,9,33,8086,12/26/2007,1/9/2008
823,3,33,6266,12/25/2007,1/8/2008
823,8,33,7787,12/28/2007,1/11/2008
824,2,33,5967,12/20/2007,1/3/2008
824,7,33,7488,12/28/2007,1/11/2008
825,1,33,5668,12/29/2007,1/12/2008
825,6,33,7189,12/26/2007,1/9/2008
826,5,33,6890,12/22/2007,1/5/2008
826,10,33,8424,12/24/2007,1/7/2008
827,4,33,6591,1/1/2008,1/15/2008
827,9,33,8125,12/23/2007,1/6/2008
828,3,33,6292,12/24/2007,1/7/2008
828,8,33,7826,12/20/2007,1/3/2008
829,2,33,5993,12/30/2007,1/13/2008
829,7,33,7527,12/31/2007,1/14/2008
830,1,33,5694,1/3/2008,1/17/2008
830,6,33,7228,12/24/2007,1/7/2008
831,5,34,6929,12/31/2007,1/14/2008
831,10,34,8450,12/26/2007,1/9/2008
832,4,34,6630,12/20/2007,1/3/2008
832,9,34,8151,12/20/2007,1/3/2008
833,3,34,6331,12/23/2007,1/6/2008
833,8,34,7852,12/28/2007,1/11/2008
834,2,34,6032,12/24/2007,1/7/2008
834,7,34,7553,1/3/2008,1/17/2008
835,1,34,5733,12/23/2007,1/6/2008
835,6,34,7254,12/22/2007,1/5/2008
836,5,34,6955,12/24/2007,1/7/2008
836,10,34,8489,12/28/2007,1/11/2008
837,4,34,6656,12/24/2007,1/7/2008
837,9,34,8190,1/2/2008,1/16/2008
838,3,34,6357,12/22/2007,1/5/2008
838,8,34,7891,12/20/2007,1/3/2008
839,2,34,6058,1/3/2008,1/17/2008
839,7,34,7592,12/21/2007,1/4/2008
840,1,34,5759,12/28/2007,1/11/2008
840,6,34,7293,12/20/2007,1/3/2008
841,5,35,6994,1/2/2008,1/16/2008
841,10,35,8515,12/30/2007,1/13/2008
842,4,35,6695,12/28/2007,1/11/2008
842,9,35,8216,12/30/2007,1/13/2008
843,3,35,6396,12/21/2007,1/4/2008
843,8,35,7917,12/28/2007,1/11/2008
844,2,35,6097,12/28/2007,1/11/2008
844,7,35,7618,12/24/2007,1/7/2008
845,1,35,5798,1/2/2008,1/16/2008
845,6,35,7319,1/3/2008,1/17/2008
846,5,35,7020,12/26/2007,1/9/2008
846,10,35,8554,1/1/2008,1/15/2008
847,4,35,6721,1/1/2008,1/15/2008
847,9,35,8255,12/27/2007,1/10/2008
848,3,35,6422,12/20/2007,1/3/2008
848,8,35,7956,12/20/2007,1/3/2008
849,2,35,6123,12/22/2007,1/5/2008
849,7,35,7657,12/27/2007,1/10/2008
850,1,35,5824,12/22/2007,1/5/2008
850,6,35,7358,1/1/2008,1/15/2008
851,5,36,7059,1/4/2008,1/18/2008
851,10,36,8580,1/3/2008,1/17/2008
852,4,36,6760,12/20/2007,1/3/2008
852,9,36,8281,12/24/2007,1/7/2008
853,3,36,6461,1/4/2008,1/18/2008
853,8,36,7982,12/28/2007,1/11/2008
854,2,36,6162,1/1/2008,1/15/2008
854,7,36,7683,12/30/2007,1/13/2008
855,1,36,5863,12/27/2007,1/10/2008
855,6,36,7384,12/30/2007,1/13/2008
856,5,36,7085,12/28/2007,1/11/2008
856,10,36,8619,12/20/2007,1/3/2008
857,4,36,6786,12/24/2007,1/7/2008
857,9,36,8320,12/21/2007,1/4/2008
858,3,36,6487,1/3/2008,1/17/2008
858,8,36,8021,12/20/2007,1/3/2008
859,2,36,6188,12/26/2007,1/9/2008
859,7,36,7722,1/2/2008,1/16/2008
860,1,36,5889,1/1/2008,1/15/2008
860,6,36,7423,12/28/2007,1/11/2008
861,5,37,7124,12/21/2007,1/4/2008
861,10,37,8645,12/22/2007,1/5/2008
862,4,37,6825,12/28/2007,1/11/2008
862,9,37,8346,1/3/2008,1/17/2008
863,3,37,6526,1/2/2008,1/16/2008
863,8,37,8047,12/28/2007,1/11/2008
864,2,37,6227,12/20/2007,1/3/2008
864,7,37,7748,12/20/2007,1/3/2008
865,1,37,5928,12/21/2007,1/4/2008
865,6,37,7449,12/26/2007,1/9/2008
866,5,37,7150,12/30/2007,1/13/2008
866,10,37,8684,12/24/2007,1/7/2008
867,4,37,6851,1/1/2008,1/15/2008
867,9,37,8385,12/31/2007,1/14/2008
868,3,37,6552,1/1/2008,1/15/2008
868,8,37,8086,12/20/2007,1/3/2008
869,2,37,6253,12/30/2007,1/13/2008
869,7,37,7787,12/23/2007,1/6/2008
870,1,37,5954,12/26/2007,1/9/2008
870,6,37,7488,12/24/2007,1/7/2008
871,5,38,7189,12/23/2007,1/6/2008
871,10,38,8710,12/26/2007,1/9/2008
872,4,38,6890,12/20/2007,1/3/2008
872,9,38,8411,12/28/2007,1/11/2008
873,3,38,6591,12/31/2007,1/14/2008
873,8,38,8112,12/28/2007,1/11/2008
874,2,38,6292,12/24/2007,1/7/2008
874,7,38,7813,12/26/2007,1/9/2008
875,1,38,5993,12/31/2007,1/14/2008
875,6,38,7514,12/22/2007,1/5/2008
876,5,38,7215,1/1/2008,1/15/2008
876,10,38,8749,12/28/2007,1/11/2008
877,4,38,6916,12/24/2007,1/7/2008
877,9,38,8450,12/25/2007,1/8/2008
878,3,38,6617,12/30/2007,1/13/2008
878,8,38,8151,12/20/2007,1/3/2008
879,2,38,6318,1/3/2008,1/17/2008
879,7,38,7852,12/29/2007,1/12/2008
880,1,38,6019,12/20/2007,1/3/2008
880,6,38,7553,12/20/2007,1/3/2008
881,5,39,7254,12/25/2007,1/8/2008
881,10,39,8775,12/30/2007,1/13/2008
882,4,39,6955,12/28/2007,1/11/2008
882,9,39,8476,12/22/2007,1/5/2008
883,3,39,6656,12/29/2007,1/12/2008
883,8,39,8177,12/28/2007,1/11/2008
884,2,39,6357,12/28/2007,1/11/2008
884,7,39,7878,1/1/2008,1/15/2008
885,1,39,6058,12/25/2007,1/8/2008
885,6,39,7579,1/3/2008,1/17/2008
886,5,39,7280,1/3/2008,1/17/2008
886,10,39,8814,1/1/2008,1/15/2008
887,4,39,6981,1/1/2008,1/15/2008
887,9,39,8515,1/4/2008,1/18/2008
888,3,39,6682,12/28/2007,1/11/2008
888,8,39,8216,12/20/2007,1/3/2008
889,2,39,6383,12/22/2007,1/5/2008
889,7,39,7917,1/4/2008,1/18/2008
890,1,39,6084,12/30/2007,1/13/2008
890,6,39,7618,1/1/2008,1/15/2008
891,5,40,7319,12/27/2007,1/10/2008
891,10,40,8840,1/3/2008,1/17/2008
892,4,40,7020,12/20/2007,1/3/2008
892,9,40,8541,1/1/2008,1/15/2008
893,3,40,6721,12/27/2007,1/10/2008
893,8,40,8242,12/28/2007,1/11/2008
894,2,40,6422,1/1/2008,1/15/2008
894,7,40,7943,12/22/2007,1/5/2008
895,1,40,6123,1/4/2008,1/18/2008
895,6,40,7644,12/30/2007,1/13/2008
896,5,40,7345,12/20/2007,1/3/2008
896,10,40,8879,12/20/2007,1/3/2008
897,4,40,7046,12/24/2007,1/7/2008
897,9,40,8580,12/29/2007,1/12/2008
898,3,40,6747,12/26/2007,1/9/2008
898,8,40,8281,12/20/2007,1/3/2008
899,2,40,6448,12/26/2007,1/9/2008
899,7,40,7982,12/25/2007,1/8/2008
900,1,40,6149,12/24/2007,1/7/2008
900,6,40,7683,12/28/2007,1/11/2008
901,5,41,7384,12/29/2007,1/12/2008
901,10,41,8905,12/22/2007,1/5/2008
902,4,41,7085,12/28/2007,1/11/2008
902,9,41,8606,12/26/2007,1/9/2008
903,3,41,6786,12/25/2007,1/8/2008
903,8,41,8307,12/28/2007,1/11/2008
904,2,41,6487,12/20/2007,1/3/2008
904,7,41,8008,12/28/2007,1/11/2008
905,1,41,6188,12/29/2007,1/12/2008
905,6,41,7709,12/26/2007,1/9/2008
906,5,41,7410,12/22/2007,1/5/2008
906,10,41,8944,12/24/2007,1/7/2008
907,4,41,7111,1/1/2008,1/15/2008
907,9,41,8645,12/23/2007,1/6/2008
908,3,41,6812,12/24/2007,1/7/2008
908,8,41,8346,12/20/2007,1/3/2008
909,2,41,6513,12/30/2007,1/13/2008
909,7,41,8047,12/31/2007,1/14/2008
910,1,41,6214,1/3/2008,1/17/2008
910,6,41,7748,12/24/2007,1/7/2008
911,5,42,7449,12/31/2007,1/14/2008
911,10,42,8970,12/26/2007,1/9/2008
912,4,42,7150,12/20/2007,1/3/2008
912,9,42,8671,12/20/2007,1/3/2008
913,3,42,6851,12/23/2007,1/6/2008
913,8,42,8372,12/28/2007,1/11/2008
914,2,42,6552,12/24/2007,1/7/2008
914,7,42,8073,1/3/2008,1/17/2008
915,1,42,6253,12/23/2007,1/6/2008
915,6,42,7774,12/22/2007,1/5/2008
916,5,42,7475,12/24/2007,1/7/2008
916,10,42,9009,12/28/2007,1/11/2008
917,4,42,7176,12/24/2007,1/7/2008
917,9,42,8710,1/2/2008,1/16/2008
918,3,42,6877,12/22/2007,1/5/2008
918,8,42,8411,12/20/2007,1/3/2008
919,2,42,6578,1/3/2008,1/17/2008
919,7,42,8112,12/21/2007,1/4/2008
920,1,42,6279,12/28/2007,1/11/2008
920,6,42,7813,12/20/2007,1/3/2008
921,5,43,7514,1/2/2008,1/16/2008
921,10,43,9035,12/30/2007,1/13/2008
922,4,43,7215,12/28/2007,1/11/2008
922,9,43,8736,12/30/2007,1/13/2008
923,3,43,6916,12/21/2007,1/4/2008
923,8,43,8437,12/28/2007,1/11/2008
924,2,43,6617,12/28/2007,1/11/2008
924,7,43,8138,12/24/2007,1/7/2008
925,1,43,6318,1/2/2008,1/16/2008
925,6,43,7839,1/3/2008,1/17/2008
926,5,43,7540,12/26/2007,1/9/2008
926,10,43,9074,1/1/2008,1/15/2008
927,4,43,7241,1/1/2008,1/15/2008
927,9,43,8775,12/27/2007,1/10/2008
928,3,43,6942,12/20/2007,1/3/2008
928,8,43,8476,12/20/2007,1/3/2008
929,2,43,6643,12/22/2007,1/5/2008
929,7,43,8177,12/27/2007,1/10/2008
930,1,43,6344,12/22/2007,1/5/2008
930,6,43,7878,1/1/2008,1/15/2008
931,5,44,7579,1/4/2008,1/18/2008
931,10,44,9100,1/3/2008,1/17/2008
932,4,44,7280,12/20/2007,1/3/2008
932,9,44,8801,12/24/2007,1/7/2008
933,3,44,6981,1/4/2008,1/18/2008
933,8,44,8502,12/28/2007,1/11/2008
934,2,44,6682,1/1/2008,1/15/2008
934,7,44,8203,12/30/2007,1/13/2008
935,1,44,6383,12/27/2007,1/10/2008
935,6,44,7904,12/30/2007,1/13/2008
936,5,44,7605,12/28/2007,1/11/2008
936,10,44,9139,12/20/2007,1/3/2008
937,4,44,7306,12/24/2007,1/7/2008
937,9,44,8840,12/21/2007,1/4/2008
938,3,44,7007,1/3/2008,1/17/2008
938,8,44,8541,12/20/2007,1/3/2008
939,2,44,6708,12/26/2007,1/9/2008
939,7,44,8242,1/2/2008,1/16/2008
940,1,44,6409,1/1/2008,1/15/2008
940,6,44,7943,12/28/2007,1/11/2008
941,5,45,7644,12/21/2007,1/4/2008
941,10,45,9165,12/22/2007,1/5/2008
942,4,45,7345,12/28/2007,1/11/2008
942,9,45,8866,1/3/2008,1/17/2008
943,3,45,7046,1/2/2008,1/16/2008
943,8,45,8567,12/28/2007,1/11/2008
944,2,45,6747,12/20/2007,1/3/2008
944,7,45,8268,12/20/2007,1/3/2008
945,1,45,6448,12/21/2007,1/4/2008
945,6,45,7969,12/26/2007,1/9/2008
946,5,45,7670,12/30/2007,1/13/2008
946,10,45,9204,12/24/2007,1/7/2008
947,4,45,7371,1/1/2008,1/15/2008
947,9,45,8905,12/31/2007,1/14/2008
948,3,45,7072,1/1/2008,1/15/2008
948,8,45,8606,12/20/2007,1/3/2008
949,2,45,6773,12/30/2007,1/13/2008
949,7,45,8307,12/23/2007,1/6/2008
950,1,45,6474,12/26/2007,1/9/2008
950,6,45,8008,12/24/2007,1/7/2008
951,5,46,7709,12/23/2007,1/6/2008
951,10,46,9230,12/26/2007,1/9/2008
952,4,46,7410,12/20/2007,1/3/2008
952,9,46,8931,12/28/2007,1/11/2008
953,3,46,7111,12/31/2007,1/14/2008
953,8,46,8632,12/28/2007,1/11/2008
954,2,46,6812,12/24/2007,1/7/2008
954,7,46,8333,12/26/2007,1/9/2008
955,1,46,6513,12/31/2007,1/14/2008
955,6,46,8034,12/22/2007,1/5/2008
956,5,46,7735,1/1/2008,1/15/2008
956,10,46,9269,12/28/2007,1/11/2008
957,4,46,7436,12/24/2007,1/7/2008
957,9,46,8970,12/25/2007,1/8/2008
958,3,46,7137,12/30/2007,1/13/2008
958,8,46,8671,12/20/2007,1/3/2008
959,2,46,6838,1/3/2008,1/17/2008
959,7,46,8372,12/29/2007,1/12/2008
960,1,46,6539,12/20/2007,1/3/2008
960,6,46,8073,12/20/2007,1/3/2008
961,5,47,7774,12/25/2007,1/8/2008
961,10,47,9295,12/30/2007,1/13/2008
962,4,47,7475,12/28/2007,1/11/2008
962,9,47,8996,12/22/2007,1/5/2008
963,3,47,7176,12/29/2007,1/12/2008
963,8,47,8697,12/28/2007,1/11/2008
964,2,47,6877,12/28/2007,1/11/2008
964,7,47,8398,1/1/2008,1/15/2008
965,1,47,6578,12/25/2007,1/8/2008
965,6,47,8099,1/3/2008,1/17/2008
966,5,47,7800,1/3/2008,1/17/2008
966,10,47,9334,1/1/2008,1/15/2008
967,4,47,7501,1/1/2008,1/15/2008
967,9,47,9035,1/4/2008,1/18/2008
968,3,47,7202,12/28/2007,1/11/2008
968,8,47,8736,12/20/2007,1/3/2008
969,2,47,6903,12/22/2007,1/5/2008
969,7,47,8437,1/4/2008,1/18/2008
970,1,47,6604,12/30/2007,1/13/2008
970,6,47,8138,1/1/2008,1/15/2008
971,5,48,7839,12/27/2007,1/10/2008
971,10,48,9360,1/3/2008,1/17/2008
972,4,48,7540,12/20/2007,1/3/2008
972,9,48,9061,1/1/2008,1/15/2008
973,3,48,7241,12/27/2007,1/10/2008
973,8,48,8762,12/28/2007,1/11/2008
974,2,48,6942,1/1/2008,1/15/2008
974,7,48,8463,12/22/2007,1/5/2008
975,1,48,6643,1/4/2008,1/18/2008
975,6,48,8164,12/30/2007,1/13/2008
976,5,48,7865,12/20/2007,1/3/2008
976,10,48,9399,12/20/2007,1/3/2008
977,4,48,7566,12/24/2007,1/7/2008
977,9,48,9100,12/29/2007,1/12/2008
978,3,48,7267,12/26/2007,1/9/2008
978,8,48,8801,12/20/2007,1/3/2008
979,2,48,6968,12/26/2007,1/9/2008
979,7,48,8502,12/25/2007,1/8/2008
980,1,48,6669,12/24/2007,1/7/2008
980,6,48,8203,12/28/2007,1/11/2008
981,5,49,7904,12/29/2007,1/12/2008
981,10,49,9425,12/22/2007,1/5/2008
982,4,49,7605,12/28/2007,1/11/2008
982,9,49,9126,12/26/2007,1/9/2008
983,3,49,7306,12/25/2007,1/8/2008
983,8,49,8827,12/28/2007,1/11/2008
984,2,49,7007,12/20/2007,1/3/2008
984,7,49,8528,12/28/2007,1/11/2008
985,1,49,6708,12/29/2007,1/12/2008
985,6,49,8229,12/26/2007,1/9/2008
986,5,49,7930,12/22/2007,1/5/2008
986,10,49,9464,12/24/2007,1/7/2008
987,4,49,7631,1/1/2008,1/15/2008
987,9,49,9165,12/23/2007,1/6/2008
988,3,49,7332,12/24/2007,1/7/2008
988,8,49,8866,12/20/2007,1/3/2008
989,2,49,7033,12/30/2007,1/13/2008
989,7,49,8567,12/31/2007,1/14/2008
990,1,49,6734,1/3/2008,1/17/2008
990,6,49,8268,12/24/2007,1/7/2008
991,5,50,7969,12/31/2007,1/14/2008
991,10,50,9490,12/26/2007,1/9/2008
992,4,50,7670,12/20/2007,1/3/2008
992,9,50,9191,12/20/2007,1/3/2008
993,3,50,7371,12/23/2007,1/6/2008
993,8,50,8892,12/28/2007,1/11/2008
994,2,50,7072,12/24/2007,1/7/2008
994,7,50,8593,1/3/2008,1/17/2008
995,1,50,6773,12/23/2007,1/6/2008
995,6,50,8294,12/22/2007,1/5/2008
996,5,50,7995,12/24/2007,1/7/2008
996,10,50,9529,12/28/2007,1/11/2008
997,4,50,7696,12/24/2007,1/7/2008
997,9,50,9230,1/2/2008,1/16/2008
998,3,50,7397,12/22/2007,1/5/2008
998,8,50,8931,12/20/2007,1/3/2008
999,2,50,7098,1/3/2008,1/17/2008
999,7,50,8632,12/21/2007,1/4/2008
1000,1,50,6799,12/28/2007,1/11/2008
1000,6,50,8333,12/20/2007,1/3/2008
